id,name,key_name,sort,m_category_id,p_reg,dry_air,wet_air,by_pass1,by_pass2,rot,diam,hub,spokes,area,thickn,process,pu1,reg,pu2,security_margin,coefficient,rotor,capacity,applied_area,model_type
1000,DR-010 B,DR-010 B,10,1,0.69,190,40,0,0,36,180,42,39,0.0183,50,0.63,0.13,0.24,0,5,6,2,0.4,other,air_mixture
1001,DR-20B,DR-20B,20,1,1,330,60,0,0,28,250,62,30,0.0386,50,0.61,0.14,0.25,0,5,6,2,0.8,other,air_mixture
1002,DR-30D,DR-30D,30,1,1.35,360,75,0,0,23,300,62,30,0.0593,50,0.61,0.14,0.25,0,5,6,2,1.1,other,air_mixture
1003,DR-40-T10,DR-40-T10,40,1,1.9,600,120,0,0,25,450,62,45,0.1449,50,0.58,0.18,0.24,0,10,6,2,1.7,other,air_mixture
1004,DR-40-T16,DR-40-T16,50,1,3,550,150,0,0,25,450,62,45,0.1449,50,0.58,0.18,0.24,0,10,6,2,2.2,other,air_mixture
1005,DR-50 R,DR-50 R,60,1,4,600,180,0,0,25,450,62,45,0.1449,50,0.58,0.18,0.24,0,10,6,2,2.6,other,air_mixture
1006,RL-60R,RL-60R,70,1,5.4,850,180,0.7,0,31,550,62,45,0.2176,50,0.7,0.05,0.25,0,5,6,2,4.3,other,air_mixture
1007,RL-60LR,RL-60LR,80,1,7.5,1000,250,0.7,0,31,550,62,45,0.2176,50,0.7,0.05,0.25,0,5,6,2,5.2,other,air_mixture
1008,RL-61,RL-61,90,1,9,1300,280,0.7,0,15,550,62,45,0.2176,100,0.7,0.05,0.25,0,6,7,2,8.2,other,air_mixture
1009,RL-61 Ice,RL-61 Ice,100,1,9,1600,280,0.7,0,15,550,62,45,0.2176,100,0.7,0.05,0.25,0,3,20,2,8.9,other,air_mixture
1010,RL-61L,RL-61L,110,1,13.5,1800,420,0.7,0,25,550,62,45,0.2176,100,0.7,0.05,0.25,0,0,7,2,11.6,other,air_mixture
1011,RL-61L Ice,RL-61L Ice,120,1,13.5,2100,420,0.7,0,25,550,62,45,0.2176,100,0.7,0.05,0.25,0,1,20,2,12,other,air_mixture
1012,RL-71,RL-71,130,1,17,2500,650,0.7,0,45,660,62,45,0.3133,100,0.7,0.05,0.25,0,5,7,2,13.5,other,air_mixture
1013,RL-71 Ice,RL-71 Ice,140,1,17,3000,650,0.55,0,45,660,62,45,0.3133,100,0.7,0.05,0.25,0,3,20,2,15.2,other,air_mixture
1014,RL-71L,RL-71L,150,1,24,3200,900,0.6,0,45,660,62,45,0.3133,100,0.7,0.05,0.25,0,8,7,2,17.4,other,air_mixture
1015,RLZ-81,RLZ-81,160,1,24,2900,750,0.75,0,25,770,144,45,0.4271,100,0.7,0.05,0.25,0,5,7,2,19.3,other,air_mixture
1016,RLZ-82,RLZ-82,170,1,30,3500,1000,0.75,0,12,770,144,45,0.4271,200,0.7,0.05,0.25,0,5,8,1,25.1,other,air_mixture
1017,RLZ-101,RLZ-101,180,1,40,4600,1300,0.75,0,25,965,144,45,0.6851,100,0.7,0.05,0.25,0,5,7,2,31.4,other,air_mixture
1018,RLZ-102,RLZ-102,190,1,63,7000,2100,0.75,0,25,965,144,45,0.6851,200,0.7,0.05,0.25,0,5,8,1,49.7,other,air_mixture
1019,RLZ-102L,RLZ-102L,200,1,70,9000,2400,0.75,0,25,965,144,45,0.6851,200,0.7,0.05,0.25,0,5,8,1,56.2,other,air_mixture
1020,RLZ-104,RLZ-104,210,1,80,10500,2500,0.75,0,12,965,144,45,0.6851,400,0.7,0.05,0.25,0,5,9,1,69,other,air_mixture
1021,RLZ-81 Ice,RLZ-81 Ice,220,1,24,4500,750,0.75,0,25,770,144,45,0.4271,100,0.7,0.05,0.25,0,5,20,2,21.7,other,air_mixture
1022,RLZ-82 Ice,RLZ-82 Ice,230,1,30,6000,1000,0.75,0,12,770,144,45,0.4271,200,0.7,0.05,0.25,0,5,21,1,29.3,other,air_mixture
1023,RLZ-101 Ice,RLZ-101 Ice,240,1,40,9000,1300,0.75,0,25,965,144,45,0.6851,100,0.7,0.05,0.25,0,5,20,2,36.7,other,air_mixture
1024,RLZ-102 Ice,RLZ-102 Ice,250,1,63,12000,2100,0.75,0,25,965,144,45,0.6851,200,0.7,0.05,0.25,0,5,21,1,58.2,other,air_mixture
1025,RLF-081,RLF-081,260,1,24,3200,950,0.7,0,25,770,144,45,0.4271,100,0.7,0.05,0.25,0,5,7,2,19.5,other,air_mixture
1026,RLF-082,RLF-082,270,1,30,3500,1000,0.75,0,12,770,144,45,0.4271,200,0.7,0.05,0.25,0,5,8,1,25.1,other,air_mixture
1027,RLF-101,RLF-101,280,1,42,7000,1750,0.7,0,25,965,144,45,0.6851,100,0.7,0.05,0.25,0,5,7,2,34.8,other,air_mixture
1028,RLF-102,RLF-102,290,1,66,8500,2750,0.7,0,25,965,144,45,0.6851,200,0.7,0.05,0.25,0,5,8,1,52.6,other,air_mixture
1029,RLF-122,RLF-122,300,1,112,15600,4700,0.7,0,25,1220,168,45,1.1102,200,0.7,0.05,0.25,0,5,8,1,90.4,other,air_mixture
1030,RLF-152,RLF-152,310,1,158,16800,6300,0.7,0,25,1525,170,45,1.7599,200,0.7,0.05,0.25,0,5,8,1,120.4,other,air_mixture
1031,RLF-172,RLF-172,320,1,200,20500,8000,0.7,0,25,1730,270,45,2.235,200,0.7,0.05,0.25,0,5,8,1,148.8,other,air_mixture
1032,RLF-192,RLF-192,330,1,250,22750,10000,0.7,0,25,1940,270,45,2.84,200,0.7,0.05,0.25,0,5,8,1,177.4,other,air_mixture
1033,RLF-222,RLF-222,340,1,325,34000,13000,0.7,0,25,2190,270,42,3.6465,200,0.7,0.05,0.25,0,5,8,1,245.7,other,air_mixture
1034,RLF-242,RLF-242,350,1,380,41000,15200,0.7,0,25,2450,360,42,4.353,200,0.7,0.05,0.25,0,5,8,1,291.9,other,air_mixture
1035,DR-31 T10,DR-31 T10,360,2,1.9,310,110,0,0.5,24,300,62,12,0.0639,100,0.51,0.12,0.25,0.12,5,14,2,1.6,other,air_mixture
1036,CS-5,CS-5,370,3,0.65,65,30,0,0,36,180,42,39,0.0183,50,0.6,0,0.4,0,5,10,2,0.3,other,air_mixture
1037,CS-5L,CS-5L,380,3,0.85,90,50,0,0,36,180,42,39,0.0183,50,0.6,0,0.4,0,5,10,2,0.4,other,air_mixture
1038,DC-5,DC-5,390,3,0.85,120,40,0,0,36,180,42,39,0.0183,50,0.6,0,0.4,0,5,10,2,0.5,other,air_mixture
1039,DC-10,DC-10,400,3,1.1,190,60,0,0,36,180,42,39,0.0183,50,0.63,0,0.37,0,5,10,2,0.5,other,air_mixture
1040,DC-20,DC-20,410,3,1.7,310,60,0,0,28,250,62,30,0.0386,50,0.66,0,0.34,0,5,10,2,1.1,other,air_mixture
1041,DC-30 T10,DC-30 T10,420,3,1.8,400,90,0,0,23,300,62,30,0.0593,50,0.66,0,0.34,0,5,10,2,1.2,other,air_mixture
1042,DC-30 T16,DC-30 T16,430,3,2.8,400,70,0,0,23,300,62,30,0.0593,50,0.66,0,0.34,0,5,10,2,1.8,other,air_mixture
1043,DC-31 T10,DC-31 T10,440,3,2.1,300,120,0,0,24,300,62,12,0.0639,100,0.75,0,0.25,0,5,11,2,1.6,other,air_mixture
1044,DC-31 T16,DC-31 T16,450,3,2.9,490,110,0,0,24,300,62,12,0.0639,100,0.75,0,0.25,0,5,11,2,2.3,other,air_mixture
1045,DC-50 R,DC-50 R,460,3,5,550,150,0,0,25,450,62,45,0.1449,50,0.58,0,0.42,0,10,10,2,3,other,air_mixture
1046,CZ-82 ,CZ-82 ,470,3,30,3200,850,0,0,12,770,144,45,0.4271,200,0.75,0,0.25,0,5,12,1,22.6,other,air_mixture
1047,CZ-102 ,CZ-102 ,480,3,50,5200,1400,0,0,12,965,144,45,0.6851,200,0.75,0,0.25,0,5,12,1,37.1,other,air_mixture
1048,CZ-102L,CZ-102L,490,3,74,7200,2000,0,0,12,965,144,45,0.6851,200,0.75,0,0.25,0,5,12,1,47.6,other,air_mixture
1049,CZ-104,CZ-104,500,3,95,8000,2500,0,0,12,965,144,45,0.6851,400,0.75,0,0.25,0,5,13,1,63.5,other,air_mixture
1050,CZ-82 ICE,CZ-82 ICE,510,3,30,6000,850,0,0,12,770,144,45,0.4271,200,0.75,0,0.25,0,5,22,1,26,other,air_mixture
1051,CZ-102 ICE,CZ-102 ICE,520,3,50,12000,1400,0,0,12,965,144,45,0.6851,200,0.75,0,0.25,0,5,22,1,44.6,other,air_mixture
1052,CZ-102L ICE,CZ-102L ICE,530,3,74,12000,2000,0,0,12,965,144,45,0.6851,200,0.75,0,0.25,0,5,22,1,55.6,other,air_mixture
1053,CZ-104 ICE,CZ-104 ICE,540,3,95,10000,2500,0,0,12,965,144,45,0.6851,400,0.75,0,0.25,0,5,23,1,70.1,other,air_mixture
1054,CZ-82HW 6/4,CZ-82HW 6/4,550,3,30,3200,1600,0,0,12,770,144,45,0.4271,200,0.6,0,0.4,0,10,12,1,19.3,other,air_mixture
1055,CZ-102HW 6/4,CZ-102HW 6/4,560,3,56,7200,3000,0,0,12,965,144,45,0.6851,200,0.6,0,0.4,0,10,12,1,36.7,other,air_mixture
1056,CZ-82HWR 6/4,CZ-82HWR 6/4,570,3,60,3200,1600,0,0,12,770,144,45,0.4271,200,0.6,0,0.4,0,5,12,1,25.4,other,air_mixture
1057,CZ-102HWR 6/4,CZ-102HWR 6/4,580,3,116,7200,3000,0,0,12,965,144,45,0.6851,200,0.6,0,0.4,0,5,12,1,50.2,other,air_mixture
1058,CF-081 ,CF-081 ,590,3,29,2100,800,0,0,12,770,144,45,0.4271,100,0.75,0,0.25,0,5,11,2,15.6,other,air_mixture
1059,CF-101,CF-101,600,3,48,3300,1300,0,0,12,965,144,45,0.6851,100,0.75,0,0.25,0,5,11,2,25.1,other,air_mixture
1060,CF-102,CF-102,610,3,92,6500,2500,0,0,12,965,144,45,0.6851,200,0.75,0,0.25,0,5,12,1,46.8,other,air_mixture
1061,CF-122,CF-122,620,3,147,10600,4000,0,0,12,1220,168,45,1.1102,200,0.76,0,0.24,0,5,12,1,76.2,other,air_mixture
1062,CF-152,CF-152,630,3,231,16800,6300,0,0,12,1525,170,45,1.7599,200,0.75,0,0.25,0,5,12,1,120,other,air_mixture
1063,CF-172,CF-172,640,3,293,20500,8000,0,0,12,1730,270,45,2.235,200,0.74,0,0.26,0,5,12,1,148.9,other,air_mixture
1064,CF-192,CF-192,650,3,367,22750,10000,0,0,12,1940,270,45,2.84,200,0.75,0,0.25,0,5,12,1,177.3,other,air_mixture
1065,CF-222,CF-222,660,3,477,34000,13000,0,0,12,2190,270,42,3.6465,200,0.75,0,0.25,0,5,12,1,248.62,other,air_mixture
1066,CF-242,CF-242,670,3,557,41000,15200,0,0,12,2450,360,42,4.353,200,0.75,0,0.25,0,5,12,1,295.94,other,air_mixture
1067,CF-081 6/4,CF-081 6/4,680,3,16,2100,800,0,0,12,770,144,45,0.4271,100,0.6,0,0.4,0,10,11,2,11.72,other,air_mixture
1068,CF-101 6/4,CF-101 6/4,690,3,26,3300,1300,0,0,12,965,144,45,0.6851,100,0.58,0,0.42,0,10,11,2,18.97,other,air_mixture
1069,CF-102 6/4,CF-102 6/4,700,3,50,6500,4200,0,0,12,965,144,45,0.6851,200,0.58,0,0.42,0,10,12,1,28.63,other,air_mixture
1070,CF-122 6/4,CF-122 6/4,710,3,80,10600,4000,0,0,12,1220,168,45,1.1102,200,0.58,0,0.42,0,10,12,1,56.71,other,air_mixture
1071,CF-152 6/4,CF-152 6/4,720,3,126,16800,6300,0,0,12,1525,170,45,1.7599,200,0.56,0,0.44,0,10,12,1,89.56,other,air_mixture
1072,CF-172 6/4,CF-172 6/4,730,3,160,20500,8000,0,0,12,1730,270,45,2.235,200,0.59,0,0.41,0,10,12,1,111.5,other,air_mixture
1073,CF-192 6/4,CF-192 6/4,740,3,200,22750,10000,0,0,12,1940,270,45,2.84,200,0.58,0,0.42,0,10,12,1,133.13,other,air_mixture
1074,CF-222 6/4,CF-222 6/4,750,3,260,34000,13000,0,0,12,2190,270,42,3.6465,200,0.6,0,0.4,0,10,12,1,183.52,other,air_mixture
1075,CF-242 6/4,CF-242 6/4,760,3,304,41000,15200,0,0,12,2450,360,42,4.353,200,0.6,0,0.4,0,10,12,1,217.18,other,air_mixture
2000,DR-010 B,DR-010 B,770,1,0.69,190,40,0,0,36,180,42,39,0.0183,50,0.63,0.13,0.24,0,5,6,2,0.4,asia,air_mixture
2001,DR-20B,DR-20B,780,1,1,330,60,0,0,28,250,62,30,0.0386,50,0.61,0.14,0.25,0,5,6,2,0.8,asia,air_mixture
2002,DR-30D,DR-30D,790,1,1.35,360,75,0,0,23,300,62,30,0.0593,50,0.61,0.14,0.25,0,5,6,2,1.1,asia,air_mixture
2003,DR-40-T10,DR-40-T10,800,1,1.9,600,120,0,0,25,450,62,45,0.1449,50,0.58,0.18,0.24,0,10,6,2,1.7,asia,air_mixture
2004,DR-40-T16,DR-40-T16,810,1,3,550,150,0,0,25,450,62,45,0.1449,50,0.58,0.18,0.24,0,10,6,2,2.2,asia,air_mixture
2005,DR-50 R,DR-50 R,820,1,4,600,180,0,0,25,450,62,45,0.1449,50,0.58,0.18,0.24,0,10,6,2,2.6,asia,air_mixture
2006,RLA-60R,RLA-60R,830,1,5.4,850,180,0.7,0,31,550,62,45,0.2176,50,0.7,0.05,0.25,0,5,6,2,4.3,asia,air_mixture
2007,RLA-60LR,RLA-60LR,840,1,7.5,1000,250,0.7,0,31,550,62,45,0.2176,50,0.7,0.05,0.25,0,5,6,2,5.2,asia,air_mixture
2008,RA-051 R,RA-051 R,850,1,9,1250,430,0.4,0,42,550,62,45,0.2176,100,0.58,0.18,0.24,0,5,7,2,7.7,asia,air_mixture
2009,RA-061 R,RA-061 R,860,1,13.5,1450,580,0.4,0,42,550,62,45,0.2176,100,0.58,0.18,0.24,0,5,7,2,9.7,asia,air_mixture
2010,RL-61,RL-61,870,1,9,1300,280,0.7,0,15,550,62,45,0.2176,100,0.7,0.05,0.25,0,6,7,2,8.2,asia,air_mixture
2011,RL-61 Ice,RL-61 Ice,880,1,9,1600,280,0.7,0,15,550,62,45,0.2176,100,0.7,0.05,0.25,0,3,20,2,8.9,asia,air_mixture
2012,RL-61L,RL-61L,890,1,13.5,1800,420,0.7,0,25,550,62,45,0.2176,100,0.7,0.05,0.25,0,0,7,2,11.6,asia,air_mixture
2013,RL-61L Ice,RL-61L Ice,900,1,13.5,2100,420,0.7,0,25,550,62,45,0.2176,100,0.7,0.05,0.25,0,1,20,2,12,asia,air_mixture
2014,RLA-71,RLA-71,910,1,17,2500,650,0.7,0,45,660,62,45,0.3133,100,0.7,0.05,0.25,0,5,7,2,13.5,asia,air_mixture
2015,RLA-71 Ice,RLA-71 Ice,920,1,17,3000,650,0.55,0,45,660,62,45,0.3133,100,0.7,0.05,0.25,0,3,20,2,15.2,asia,air_mixture
2016,RLA-71L,RLA-71L,930,1,24,3200,900,0.6,0,45,660,62,45,0.3133,100,0.7,0.05,0.25,0,8,7,2,17.4,asia,air_mixture
2017,RLZ-81,RLZ-81,940,1,24,2900,750,0.75,0,25,770,144,45,0.4271,100,0.7,0.05,0.25,0,5,7,2,19.3,asia,air_mixture
2018,RLZ-82,RLZ-82,950,1,30,3500,1000,0.75,0,12,770,144,45,0.4271,200,0.7,0.05,0.25,0,5,8,1,25.1,asia,air_mixture
2019,RLZ-101,RLZ-101,960,1,40,4600,1300,0.75,0,25,965,144,45,0.6851,100,0.7,0.05,0.25,0,5,7,2,31.4,asia,air_mixture
2020,RLZ-102,RLZ-102,970,1,63,7000,2100,0.75,0,25,965,144,45,0.6851,200,0.7,0.05,0.25,0,5,8,1,49.7,asia,air_mixture
2021,RLZ-102L,RLZ-102L,980,1,70,9000,2400,0.75,0,25,965,144,45,0.6851,200,0.7,0.05,0.25,0,5,8,1,56.2,asia,air_mixture
2022,RLZ-104,RLZ-104,990,1,80,10500,2500,0.75,0,12,965,144,45,0.6851,400,0.7,0.05,0.25,0,5,9,1,69,asia,air_mixture
2023,RLZ-81 Ice,RLZ-81 Ice,1000,1,24,4500,750,0.75,0,25,770,144,45,0.4271,100,0.7,0.05,0.25,0,5,20,2,21.7,asia,air_mixture
2024,RLZ-82 Ice,RLZ-82 Ice,1010,1,30,6000,1000,0.75,0,12,770,144,45,0.4271,200,0.7,0.05,0.25,0,5,21,1,29.3,asia,air_mixture
2025,RLZ-101 Ice,RLZ-101 Ice,1020,1,40,9000,1300,0.75,0,25,965,144,45,0.6851,100,0.7,0.05,0.25,0,5,20,2,36.7,asia,air_mixture
2026,RLZ-102 Ice,RLZ-102 Ice,1030,1,63,12000,2100,0.75,0,25,965,144,45,0.6851,200,0.7,0.05,0.25,0,5,21,1,58.2,asia,air_mixture
2027,RLFA-081 ,RLFA-081 ,1040,1,24,3200,950,0.7,0,25,770,144,45,0.4271,100,0.7,0.05,0.25,0,5,7,2,19.5,asia,air_mixture
2028,RLFA-101,RLFA-101,1050,1,42,7000,1750,0.7,0,25,965,144,45,0.6851,100,0.7,0.05,0.25,0,5,7,2,34.8,asia,air_mixture
2029,RLFA-102,RLFA-102,1060,1,66,8500,2750,0.7,0,25,965,144,45,0.6851,200,0.7,0.05,0.25,0,5,8,1,52.6,asia,air_mixture
2030,RLFA-122,RLFA-122,1070,1,112,15600,4700,0.7,0,25,1220,168,45,1.1102,200,0.7,0.05,0.25,0,5,8,1,90.4,asia,air_mixture
2031,RLFA-152,RLFA-152,1080,1,158,16800,6300,0.7,0,25,1525,170,45,1.7599,200,0.7,0.05,0.25,0,5,8,1,120.4,asia,air_mixture
2032,RLFA-172,RLFA-172,1090,1,200,20500,8000,0.7,0,25,1730,270,45,2.235,200,0.7,0.05,0.25,0,5,8,1,148.8,asia,air_mixture
2033,RLFA-192,RLFA-192,1100,1,250,22750,10000,0.7,0,25,1940,270,45,2.84,200,0.7,0.05,0.25,0,5,8,1,177.4,asia,air_mixture
2034,RLFA-222,RLFA-222,1110,1,325,34000,13000,0.7,0,25,2190,270,42,3.6465,200,0.7,0.05,0.25,0,5,8,1,245.7,asia,air_mixture
2035,RLFA-242,RLFA-242,1120,1,380,41000,15200,0.7,0,25,2450,360,42,4.353,200,0.7,0.05,0.25,0,5,8,1,291.9,asia,air_mixture
2036,RFA-081,RFA-081,1130,1,24,3200,950,0.3,0,46,770,144,45,0.4271,100,0.6,0.15,0.25,0,5,7,2,19.8,asia,air_mixture
2037,RFA-101,RFA-101,1140,1,42,7000,1750,0.3,0,49,965,144,45,0.6851,100,0.58,0.17,0.25,0,5,7,2,35.5,asia,air_mixture
2038,RFA-102,RFA-102,1150,1,66,8500,2750,0.3,0,37,965,144,45,0.6851,200,0.58,0.17,0.25,0,5,8,1,54.7,asia,air_mixture
2039,RFA-122,RFA-122,1160,1,112,15600,4700,0.3,0,39,1220,168,45,1.1102,200,0.58,0.18,0.24,0,5,8,1,93.1,asia,air_mixture
2040,RFA-152,RFA-152,1170,1,158,16800,6300,0.3,0,30,1525,170,45,1.7599,200,0.56,0.19,0.25,0,5,8,1,123,asia,air_mixture
2041,RFA-172,RFA-172,1180,1,200,20500,8000,0.3,0,30,1730,270,45,2.235,200,0.58,0.17,0.25,0,5,8,1,154,asia,air_mixture
2042,RFA-192,RFA-192,1190,1,250,22750,10000,0.3,0,30,1940,270,45,2.84,200,0.58,0.17,0.25,0,5,8,1,180.5,asia,air_mixture
2043,RFA-222,RFA-222,1200,1,325,34000,13000,0.3,0,30,2190,270,42,3.6465,200,0.6,0.15,0.25,0,5,8,1,254.2,asia,air_mixture
2044,RFA-242,RFA-242,1210,1,380,41000,15200,0.3,0,30,2450,360,42,4.353,200,0.6,0.15,0.25,0,5,8,1,306.3,asia,air_mixture
2045,RFA-244,RFA-244,1220,1,380,41000,15200,0.3,0,30,2450,360,42,4.353,400,0.6,0.15,0.25,0,5,9,1,317.6,asia,air_mixture
2046,DR-31 T10,DR-31 T10,1230,2,1.9,310,110,0,0.5,24,300,62,12,0.0639,100,0.51,0.12,0.25,0.12,5,14,2,1.6,asia,air_mixture
2047,CS-5,CS-5,1240,3,0.65,65,30,0,0,36,180,42,39,0.0183,50,0.6,0,0.4,0,5,10,2,0.3,asia,air_mixture
2048,CS-5L,CS-5L,1250,3,0.85,90,50,0,0,36,180,42,39,0.0183,50,0.6,0,0.4,0,5,10,2,0.4,asia,air_mixture
2049,DC-5,DC-5,1260,3,0.85,120,40,0,0,36,180,42,39,0.0183,50,0.6,0,0.4,0,5,10,2,0.5,asia,air_mixture
2050,DCA-10,DCA-10,1270,3,1.1,190,60,0,0,36,180,42,39,0.0183,50,0.63,0,0.37,0,5,10,2,0.5,asia,air_mixture
2051,DC-20,DC-20,1280,3,1.7,310,60,0,0,28,250,62,30,0.0386,50,0.66,0,0.34,0,5,10,2,1.1,asia,air_mixture
2052,DC-30 T10,DC-30 T10,1290,3,1.8,400,90,0,0,23,300,62,30,0.0593,50,0.66,0,0.34,0,5,10,2,1.2,asia,air_mixture
2053,DC-30 T16,DC-30 T16,1300,3,2.8,400,70,0,0,23,300,62,30,0.0593,50,0.66,0,0.34,0,5,10,2,1.8,asia,air_mixture
2054,DC-31 T10,DC-31 T10,1310,3,2.1,300,120,0,0,24,300,62,12,0.0639,100,0.75,0,0.25,0,5,11,2,1.6,asia,air_mixture
2055,DC-31 T16,DC-31 T16,1320,3,2.9,490,110,0,0,24,300,62,12,0.0639,100,0.75,0,0.25,0,5,11,2,2.3,asia,air_mixture
2056,DC-50 R,DC-50 R,1330,3,5,550,150,0,0,25,450,62,45,0.1449,50,0.58,0,0.42,0,10,10,2,3,asia,air_mixture
2057,CZ-82 ,CZ-82 ,1340,3,30,3200,850,0,0,12,770,144,45,0.4271,200,0.75,0,0.25,0,5,12,1,22.6,asia,air_mixture
2058,CZ-102 ,CZ-102 ,1350,3,50,5200,1400,0,0,12,965,144,45,0.6851,200,0.75,0,0.25,0,5,12,1,37.1,asia,air_mixture
2059,CZ-102L,CZ-102L,1360,3,74,7200,2000,0,0,12,965,144,45,0.6851,200,0.75,0,0.25,0,5,12,1,47.6,asia,air_mixture
2060,CZ-104,CZ-104,1370,3,95,8000,2500,0,0,12,965,144,45,0.6851,400,0.75,0,0.25,0,5,13,1,63.5,asia,air_mixture
2061,CZ-82 ICE,CZ-82 ICE,1380,3,30,6000,850,0,0,12,770,144,45,0.4271,200,0.75,0,0.25,0,5,22,1,26,asia,air_mixture
2062,CZ-102 ICE,CZ-102 ICE,1390,3,50,12000,1400,0,0,12,965,144,45,0.6851,200,0.75,0,0.25,0,5,22,1,44.6,asia,air_mixture
2063,CZ-102L ICE,CZ-102L ICE,1400,3,74,12000,2000,0,0,12,965,144,45,0.6851,200,0.75,0,0.25,0,5,22,1,55.6,asia,air_mixture
2064,CZ-104 ICE,CZ-104 ICE,1410,3,95,10000,2500,0,0,12,965,144,45,0.6851,400,0.75,0,0.25,0,5,23,1,70.1,asia,air_mixture
2065,CZ-82HW 6/4,CZ-82HW 6/4,1420,3,30,3200,1600,0,0,12,770,144,45,0.4271,200,0.6,0,0.4,0,10,12,1,19.3,asia,air_mixture
2066,CZ-102HW 6/4,CZ-102HW 6/4,1430,3,56,7200,3000,0,0,12,965,144,45,0.6851,200,0.6,0,0.4,0,10,12,1,36.7,asia,air_mixture
2067,CZ-82HWR 6/4,CZ-82HWR 6/4,1440,3,60,3200,1600,0,0,12,770,144,45,0.4271,200,0.6,0,0.4,0,5,12,1,25.4,asia,air_mixture
2068,CZ-102HWR 6/4,CZ-102HWR 6/4,1450,3,116,7200,3000,0,0,12,965,144,45,0.6851,200,0.6,0,0.4,0,5,12,1,50.2,asia,air_mixture
2069,CFA-061,CFA-061,1460,3,13.5,1200,400,0,0,12,550,62,45,0.2176,100,0.76,0,0.24,0,5,11,2,8.2,asia,air_mixture
2070,CFA-061L,CFA-061L,1470,3,18,1800,600,0,0,12,550,62,45,0.2176,100,0.76,0,0.24,0,5,11,2,9.6,asia,air_mixture
2071,CFA-081 ,CFA-081 ,1480,3,30,3000,900,0,0,12,770,144,45,0.4271,100,0.75,0,0.25,0,5,11,2,18,asia,air_mixture
2072,CFA-081L,CFA-081L,1490,3,45,4000,1300,0,0,12,770,144,45,0.4271,100,0.75,0,0.25,0,5,11,2,20.9,asia,air_mixture
2073,CFA-101,CFA-101,1500,3,48,4500,1500,0,0,12,965,144,45,0.6851,100,0.75,0,0.25,0,5,11,2,27.8,asia,air_mixture
2074,CFA-101L,CFA-101L,1510,3,75,7000,2200,0,0,12,965,144,45,0.6851,100,0.75,0,0.25,0,5,11,2,34.3,asia,air_mixture
2075,CFA-102,CFA-102,1520,3,84,7500,2500,0,0,12,965,144,45,0.6851,200,0.75,0,0.25,0,5,12,1,49.2,asia,air_mixture
2076,CFA-102L,CFA-102L,1530,3,110,10000,3300,0,0,12,965,144,45,0.6851,200,0.75,0,0.25,0,5,12,1,57.5,asia,air_mixture
2077,CFA-122,CFA-122,1540,3,135,11000,4000,0,0,12,1220,168,45,1.1102,200,0.76,0,0.24,0,5,12,1,75.3,asia,air_mixture
2078,CFA-122L,CFA-122L,1550,3,155,14000,4600,0,0,12,1220,168,45,1.1102,200,0.76,0,0.24,0,5,12,1,85.8,asia,air_mixture
2079,CFA-152,CFA-152,1560,3,168,15000,5000,0,0,12,1525,170,45,1.7599,200,0.75,0,0.25,0,5,12,1,107.8,asia,air_mixture
2080,CFA-152L,CFA-152L,1570,3,235,22000,7000,0,0,12,1525,170,45,1.7599,200,0.75,0,0.25,0,5,12,1,134.3,asia,air_mixture
2081,CFA-172,CFA-172,1580,3,260,23000,7700,0,0,12,1730,270,45,2.235,200,0.74,0,0.26,0,5,12,1,155,asia,air_mixture
2082,CFA-172L,CFA-172L,1590,3,335,30000,10000,0,0,12,1730,270,45,2.235,200,0.74,0,0.26,0,5,12,1,179.4,asia,air_mixture
2083,CFA-192,CFA-192,1600,3,365,31000,11000,0,0,12,1940,270,45,2.84,200,0.75,0,0.25,0,5,12,1,202.6,asia,air_mixture
2084,CFA-192L,CFA-192L,1610,3,400,36000,12000,0,0,12,1940,270,45,2.84,200,0.75,0,0.25,0,5,12,1,220.5,asia,air_mixture
2085,CFA-222,CFA-222,1620,3,155,35000,13000,0,0,12,2190,270,42,3.6465,200,0.75,0,0.25,0,5,12,1,109.5,asia,air_mixture
2086,CFA-242,CFA-242,1630,3,557,41000,15200,0,0,12,2450,360,42,4.353,200,0.75,0,0.25,0,5,12,1,295.9,asia,air_mixture
2087,CFA-061 6/4,CFA-061 6/4,1640,3,9,1000,350,0,0,12,550,62,45,0.2176,100,0.57,0,0.43,0,5,11,2,6.6,asia,air_mixture
2088,CFA-081 6/4,CFA-081 6/4,1650,3,16,2100,800,0,0,12,770,144,45,0.4271,100,0.6,0,0.4,0,10,11,2,11.7,asia,air_mixture
2089,CFA-101 6/4,CFA-101 6/4,1660,3,26,3300,1300,0,0,12,965,144,45,0.6851,100,0.58,0,0.42,0,10,11,2,19,asia,air_mixture
2090,CFA-102 6/4,CFA-102 6/4,1670,3,50,6500,4200,0,0,12,965,144,45,0.6851,200,0.58,0,0.42,0,10,12,1,28.6,asia,air_mixture
2091,CFA-122 6/4,CFA-122 6/4,1680,3,80,10600,4000,0,0,12,1220,168,45,1.1102,200,0.58,0,0.42,0,10,12,1,56.7,asia,air_mixture
2092,CFA-152 6/4,CFA-152 6/4,1690,3,126,16800,6300,0,0,12,1525,170,45,1.7599,200,0.56,0,0.44,0,10,12,1,89.6,asia,air_mixture
2093,CFA-172 6/4,CFA-172 6/4,1700,3,160,21500,8000,0,0,12,1730,270,45,2.235,200,0.59,0,0.41,0,10,12,1,113.2,asia,air_mixture
2094,CFA-192 6/4,CFA-192 6/4,1710,3,200,27000,10000,0,0,12,1940,270,45,2.84,200,0.58,0,0.42,0,10,12,1,142.5,asia,air_mixture
2095,CFA-222 6/4,CFA-222 6/4,1720,3,260,35000,13000,0,0,12,2190,270,42,3.6465,200,0.6,0,0.4,0,10,12,1,184.9,asia,air_mixture
2096,CFA-242 6/4,CFA-242 6/4,1730,3,304,41000,15200,0,0,12,2450,360,42,4.353,200,0.6,0,0.4,0,10,12,1,217.2,asia,air_mixture
3000,DR-010 B,DR-010 B,1740,1,0.69,190,40,0,0,36,180,42,39,0.0183,50,0.63,0.13,0.24,0,5,6,2,0.4,other,room_calculation
3001,DR-20B,DR-20B,1750,1,1,330,60,0,0,28,250,62,30,0.0386,50,0.61,0.14,0.25,0,5,6,2,0.8,other,room_calculation
3002,DR-30D,DR-30D,1760,1,1.35,360,75,0,0,23,300,62,30,0.0593,50,0.61,0.14,0.25,0,5,6,2,1.1,other,room_calculation
3003,DR-40-T10,DR-40-T10,1770,1,1.9,600,120,0,0,25,450,62,45,0.1449,50,0.58,0.18,0.24,0,10,6,2,1.7,other,room_calculation
3004,DR-40-T16,DR-40-T16,1780,1,3,550,150,0,0,25,450,62,45,0.1449,50,0.58,0.18,0.24,0,10,6,2,2.2,other,room_calculation
3005,DR-50 R,DR-50 R,1790,1,4,600,180,0,0,25,450,62,45,0.1449,50,0.58,0.18,0.24,0,10,6,2,2.6,other,room_calculation
3006,RL-60R,RL-60R,1800,1,5.4,850,180,0.7,0,31,550,62,45,0.2176,50,0.7,0.05,0.25,0,5,6,2,4.3,other,room_calculation
3007,RL-60LR,RL-60LR,1810,1,7.5,1000,250,0.7,0,31,550,62,45,0.2176,50,0.7,0.05,0.25,0,5,6,2,5.2,other,room_calculation
3008,RL-61,RL-61,1820,1,9,1300,280,0.7,0,15,550,62,45,0.2176,100,0.7,0.05,0.25,0,6,7,2,8.2,other,room_calculation
3009,RL-61 Ice,RL-61 Ice,1830,1,9,1600,280,0.7,0,15,550,62,45,0.2176,100,0.7,0.05,0.25,0,3,20,2,8.9,other,room_calculation
3010,RL-61L,RL-61L,1840,1,13.5,1800,420,0.7,0,25,550,62,45,0.2176,100,0.7,0.05,0.25,0,0,7,2,11.6,other,room_calculation
3011,RL-61L Ice,RL-61L Ice,1850,1,13.5,2100,420,0.7,0,25,550,62,45,0.2176,100,0.7,0.05,0.25,0,1,20,2,12,other,room_calculation
3012,RL-71,RL-71,1860,1,17,2500,650,0.7,0,45,660,62,45,0.3133,100,0.7,0.05,0.25,0,5,7,2,13.5,other,room_calculation
3013,RL-71 Ice,RL-71 Ice,1870,1,17,3000,650,0.55,0,45,660,62,45,0.3133,100,0.7,0.05,0.25,0,3,20,2,15.2,other,room_calculation
3014,RL-71L,RL-71L,1880,1,24,3200,900,0.6,0,45,660,62,45,0.3133,100,0.7,0.05,0.25,0,8,7,2,17.4,other,room_calculation
3015,RLZ-81,RLZ-81,1890,1,24,2900,750,0.75,0,25,770,144,45,0.4271,100,0.7,0.05,0.25,0,5,7,2,19.3,other,room_calculation
3016,RLZ-82,RLZ-82,1900,1,30,3500,1000,0.75,0,12,770,144,45,0.4271,200,0.7,0.05,0.25,0,5,8,1,25.1,other,room_calculation
3017,RLZ-101,RLZ-101,1910,1,40,4600,1300,0.75,0,25,965,144,45,0.6851,100,0.7,0.05,0.25,0,5,7,2,31.4,other,room_calculation
3018,RLZ-102,RLZ-102,1920,1,63,7000,2100,0.75,0,25,965,144,45,0.6851,200,0.7,0.05,0.25,0,5,8,1,49.7,other,room_calculation
3019,RLZ-102L,RLZ-102L,1930,1,70,9000,2400,0.75,0,25,965,144,45,0.6851,200,0.7,0.05,0.25,0,5,8,1,56.2,other,room_calculation
3020,RLZ-104,RLZ-104,1940,1,80,10500,2500,0.75,0,12,965,144,45,0.6851,400,0.7,0.05,0.25,0,5,9,1,69,other,room_calculation
3021,RLZ-81 Ice,RLZ-81 Ice,1950,1,24,4500,750,0.75,0,25,770,144,45,0.4271,100,0.7,0.05,0.25,0,5,20,2,21.7,other,room_calculation
3022,RLZ-82 Ice,RLZ-82 Ice,1960,1,30,6000,1000,0.75,0,12,770,144,45,0.4271,200,0.7,0.05,0.25,0,5,21,1,29.3,other,room_calculation
3023,RLZ-101 Ice,RLZ-101 Ice,1970,1,40,9000,1300,0.75,0,25,965,144,45,0.6851,100,0.7,0.05,0.25,0,5,20,2,36.7,other,room_calculation
3024,RLZ-102 Ice,RLZ-102 Ice,1980,1,63,12000,2100,0.75,0,25,965,144,45,0.6851,200,0.7,0.05,0.25,0,5,21,1,58.2,other,room_calculation
3025,RLF-122,RLF-122,1990,1,112,15600,4700,0.7,0,25,1220,168,45,1.1102,200,0.7,0.05,0.25,0,5,8,1,90.4,other,room_calculation
3026,RLF-152,RLF-152,2000,1,158,16800,6300,0.7,0,25,1525,170,45,1.7599,200,0.7,0.05,0.25,0,5,8,1,120.4,other,room_calculation
3027,RLF-172,RLF-172,2010,1,200,20500,8000,0.7,0,25,1730,270,45,2.235,200,0.7,0.05,0.25,0,5,8,1,148.8,other,room_calculation
3028,RLF-192,RLF-192,2020,1,250,22750,10000,0.7,0,25,1940,270,45,2.84,200,0.7,0.05,0.25,0,5,8,1,177.4,other,room_calculation
3029,RLF-222,RLF-222,2030,1,325,34000,13000,0.7,0,25,2190,270,42,3.6465,200,0.7,0.05,0.25,0,5,8,1,245.7,other,room_calculation
3030,RLF-242,RLF-242,2040,1,380,41000,15200,0.7,0,25,2450,360,42,4.353,200,0.7,0.05,0.25,0,5,8,1,291.9,other,room_calculation
3031,DR-31 T10,DR-31 T10,2050,2,1.9,310,110,0,0.5,24,300,62,12,0.0639,100,0.51,0.12,0.25,0.12,5,14,2,1.6,other,room_calculation
3032,CS-5,CS-5,2060,3,0.65,65,30,0,0,36,180,42,39,0.0183,50,0.6,0,0.4,0,5,10,2,0.3,other,room_calculation
3033,CS-5L,CS-5L,2070,3,0.85,90,50,0,0,36,180,42,39,0.0183,50,0.6,0,0.4,0,5,10,2,0.4,other,room_calculation
3034,DC-5,DC-5,2080,3,0.85,120,40,0,0,36,180,42,39,0.0183,50,0.6,0,0.4,0,5,10,2,0.5,other,room_calculation
3035,DC-10,DC-10,2090,3,1.1,190,60,0,0,36,180,42,39,0.0183,50,0.63,0,0.37,0,5,10,2,0.5,other,room_calculation
3036,DC-20,DC-20,2100,3,1.7,310,60,0,0,28,250,62,30,0.0386,50,0.66,0,0.34,0,5,10,2,1.1,other,room_calculation
3037,DC-30 T10,DC-30 T10,2110,3,1.8,400,90,0,0,23,300,62,30,0.0593,50,0.66,0,0.34,0,5,10,2,1.2,other,room_calculation
3038,DC-30 T16,DC-30 T16,2120,3,2.8,400,70,0,0,23,300,62,30,0.0593,50,0.66,0,0.34,0,5,10,2,1.8,other,room_calculation
3039,DC-31 T10,DC-31 T10,2130,3,2.1,300,120,0,0,24,300,62,12,0.0639,100,0.75,0,0.25,0,5,11,2,1.6,other,room_calculation
3040,DC-31 T16,DC-31 T16,2140,3,2.9,490,110,0,0,24,300,62,12,0.0639,100,0.75,0,0.25,0,5,11,2,2.3,other,room_calculation
3041,DC-50 R,DC-50 R,2150,3,5,550,150,0,0,25,450,62,45,0.1449,50,0.58,0,0.42,0,10,10,2,3,other,room_calculation
3042,CZ-82 ,CZ-82 ,2160,3,30,3200,850,0,0,12,770,144,45,0.4271,200,0.75,0,0.25,0,5,12,1,22.6,other,room_calculation
3043,CZ-102 ,CZ-102 ,2170,3,50,5200,1400,0,0,12,965,144,45,0.6851,200,0.75,0,0.25,0,5,12,1,37.1,other,room_calculation
3044,CZ-102L,CZ-102L,2180,3,74,7200,2000,0,0,12,965,144,45,0.6851,200,0.75,0,0.25,0,5,12,1,47.6,other,room_calculation
3045,CZ-104,CZ-104,2190,3,95,8000,2500,0,0,12,965,144,45,0.6851,400,0.75,0,0.25,0,5,13,1,63.5,other,room_calculation
3046,CZ-82 ICE,CZ-82 ICE,2200,3,30,6000,850,0,0,12,770,144,45,0.4271,200,0.75,0,0.25,0,5,22,1,26,other,room_calculation
3047,CZ-102 ICE,CZ-102 ICE,2210,3,50,12000,1400,0,0,12,965,144,45,0.6851,200,0.75,0,0.25,0,5,22,1,44.6,other,room_calculation
3048,CZ-102L ICE,CZ-102L ICE,2220,3,74,12000,2000,0,0,12,965,144,45,0.6851,200,0.75,0,0.25,0,5,22,1,55.6,other,room_calculation
3049,CZ-104 ICE,CZ-104 ICE,2230,3,95,10000,2500,0,0,12,965,144,45,0.6851,400,0.75,0,0.25,0,5,23,1,70.1,other,room_calculation
3050,CZ-82HW 6/4,CZ-82HW 6/4,2240,3,30,3200,1600,0,0,12,770,144,45,0.4271,200,0.6,0,0.4,0,10,12,1,19.3,other,room_calculation
3051,CZ-102HW 6/4,CZ-102HW 6/4,2250,3,56,7200,3000,0,0,12,965,144,45,0.6851,200,0.6,0,0.4,0,10,12,1,36.7,other,room_calculation
3052,CZ-82HWR 6/4,CZ-82HWR 6/4,2260,3,60,3200,1600,0,0,12,770,144,45,0.4271,200,0.6,0,0.4,0,5,12,1,25.4,other,room_calculation
3053,CZ-102HWR 6/4,CZ-102HWR 6/4,2270,3,116,7200,3000,0,0,12,965,144,45,0.6851,200,0.6,0,0.4,0,5,12,1,50.2,other,room_calculation
3054,CF-081 ,CF-081 ,2280,3,29,2100,800,0,0,12,770,144,45,0.4271,100,0.75,0,0.25,0,5,11,2,15.6,other,room_calculation
3055,CF-122,CF-122,2290,3,147,10600,4000,0,0,12,1220,168,45,1.1102,200,0.76,0,0.24,0,5,12,1,76.2,other,room_calculation
3056,CF-152,CF-152,2300,3,231,16800,6300,0,0,12,1525,170,45,1.7599,200,0.75,0,0.25,0,5,12,1,120,other,room_calculation
3057,CF-172,CF-172,2310,3,293,20500,8000,0,0,12,1730,270,45,2.235,200,0.74,0,0.26,0,5,12,1,148.9,other,room_calculation
3058,CF-192,CF-192,2320,3,367,22750,10000,0,0,12,1940,270,45,2.84,200,0.75,0,0.25,0,5,12,1,177.3,other,room_calculation
3059,CF-222,CF-222,2330,3,477,34000,13000,0,0,12,2190,270,42,3.6465,200,0.75,0,0.25,0,5,12,1,248.62,other,room_calculation
3060,CF-242,CF-242,2340,3,557,41000,15200,0,0,12,2450,360,42,4.353,200,0.75,0,0.25,0,5,12,1,295.94,other,room_calculation
3061,CF-081 6/4,CF-081 6/4,2350,3,16,2100,800,0,0,12,770,144,45,0.4271,100,0.6,0,0.4,0,10,11,2,11.72,other,room_calculation
3062,CF-101 6/4,CF-101 6/4,2360,3,26,3300,1300,0,0,12,965,144,45,0.6851,100,0.58,0,0.42,0,10,11,2,18.97,other,room_calculation
3063,CF-102 6/4,CF-102 6/4,2370,3,50,6500,4200,0,0,12,965,144,45,0.6851,200,0.58,0,0.42,0,10,12,1,28.63,other,room_calculation
3064,CF-122 6/4,CF-122 6/4,2380,3,80,10600,4000,0,0,12,1220,168,45,1.1102,200,0.58,0,0.42,0,10,12,1,56.71,other,room_calculation
3065,CF-152 6/4,CF-152 6/4,2390,3,126,16800,6300,0,0,12,1525,170,45,1.7599,200,0.56,0,0.44,0,10,12,1,89.56,other,room_calculation
3066,CF-172 6/4,CF-172 6/4,2400,3,160,20500,8000,0,0,12,1730,270,45,2.235,200,0.59,0,0.41,0,10,12,1,111.5,other,room_calculation
3067,CF-192 6/4,CF-192 6/4,2410,3,200,22750,10000,0,0,12,1940,270,45,2.84,200,0.58,0,0.42,0,10,12,1,133.13,other,room_calculation
3068,CF-222 6/4,CF-222 6/4,2420,3,260,34000,13000,0,0,12,2190,270,42,3.6465,200,0.6,0,0.4,0,10,12,1,183.52,other,room_calculation
3069,CF-242 6/4,CF-242 6/4,2430,3,304,41000,15200,0,0,12,2450,360,42,4.353,200,0.6,0,0.4,0,10,12,1,217.18,other,room_calculation
4000,DR-010 B,DR-010 B,2440,1,0.69,190,40,0,0,36,180,42,39,0.0183,50,0.63,0.13,0.24,0,5,6,2,0.4,asia,room_calculation
4001,DR-20B,DR-20B,2450,1,1,330,60,0,0,28,250,62,30,0.0386,50,0.61,0.14,0.25,0,5,6,2,0.8,asia,room_calculation
4002,DR-30D,DR-30D,2460,1,1.35,360,75,0,0,23,300,62,30,0.0593,50,0.61,0.14,0.25,0,5,6,2,1.1,asia,room_calculation
4003,DR-40-T10,DR-40-T10,2470,1,1.9,600,120,0,0,25,450,62,45,0.1449,50,0.58,0.18,0.24,0,10,6,2,1.7,asia,room_calculation
4004,DR-40-T16,DR-40-T16,2480,1,3,550,150,0,0,25,450,62,45,0.1449,50,0.58,0.18,0.24,0,10,6,2,2.2,asia,room_calculation
4005,DR-50 R,DR-50 R,2490,1,4,600,180,0,0,25,450,62,45,0.1449,50,0.58,0.18,0.24,0,10,6,2,2.6,asia,room_calculation
4006,RLA-60R,RLA-60R,2500,1,5.4,850,180,0.7,0,31,550,62,45,0.2176,50,0.7,0.05,0.25,0,5,6,2,4.3,asia,room_calculation
4007,RLA-60LR,RLA-60LR,2510,1,7.5,1000,250,0.7,0,31,550,62,45,0.2176,50,0.7,0.05,0.25,0,5,6,2,5.2,asia,room_calculation
4008,RA-051 R,RA-051 R,2520,1,9,1250,430,0.4,0,42,550,62,45,0.2176,100,0.58,0.18,0.24,0,5,7,2,7.7,asia,room_calculation
4009,RA-061 R,RA-061 R,2530,1,13.5,1450,580,0.4,0,42,550,62,45,0.2176,100,0.58,0.18,0.24,0,5,7,2,9.7,asia,room_calculation
4010,RL-61,RL-61,2540,1,9,1300,280,0.7,0,15,550,62,45,0.2176,100,0.7,0.05,0.25,0,6,7,2,8.2,asia,room_calculation
4011,RL-61 Ice,RL-61 Ice,2550,1,9,1600,280,0.7,0,15,550,62,45,0.2176,100,0.7,0.05,0.25,0,3,20,2,8.9,asia,room_calculation
4012,RL-61L,RL-61L,2560,1,13.5,1800,420,0.7,0,25,550,62,45,0.2176,100,0.7,0.05,0.25,0,0,7,2,11.6,asia,room_calculation
4013,RL-61L Ice,RL-61L Ice,2570,1,13.5,2100,420,0.7,0,25,550,62,45,0.2176,100,0.7,0.05,0.25,0,1,20,2,12,asia,room_calculation
4014,RLA-71,RLA-71,2580,1,17,2500,650,0.7,0,45,660,62,45,0.3133,100,0.7,0.05,0.25,0,5,7,2,13.5,asia,room_calculation
4015,RLA-71 Ice,RLA-71 Ice,2590,1,17,3000,650,0.55,0,45,660,62,45,0.3133,100,0.7,0.05,0.25,0,3,20,2,15.2,asia,room_calculation
4016,RLA-71L,RLA-71L,2600,1,24,3200,900,0.6,0,45,660,62,45,0.3133,100,0.7,0.05,0.25,0,8,7,2,17.4,asia,room_calculation
4017,RLZ-81,RLZ-81,2610,1,24,2900,750,0.75,0,25,770,144,45,0.4271,100,0.7,0.05,0.25,0,5,7,2,19.3,asia,room_calculation
4018,RLZ-82,RLZ-82,2620,1,30,3500,1000,0.75,0,12,770,144,45,0.4271,200,0.7,0.05,0.25,0,5,8,1,25.1,asia,room_calculation
4019,RLZ-101,RLZ-101,2630,1,40,4600,1300,0.75,0,25,965,144,45,0.6851,100,0.7,0.05,0.25,0,5,7,2,31.4,asia,room_calculation
4020,RLZ-102,RLZ-102,2640,1,63,7000,2100,0.75,0,25,965,144,45,0.6851,200,0.7,0.05,0.25,0,5,8,1,49.7,asia,room_calculation
4021,RLZ-102L,RLZ-102L,2650,1,70,9000,2400,0.75,0,25,965,144,45,0.6851,200,0.7,0.05,0.25,0,5,8,1,56.2,asia,room_calculation
4022,RLZ-104,RLZ-104,2660,1,80,10500,2500,0.75,0,12,965,144,45,0.6851,400,0.7,0.05,0.25,0,5,9,1,69,asia,room_calculation
4023,RLZ-81 Ice,RLZ-81 Ice,2670,1,24,4500,750,0.75,0,25,770,144,45,0.4271,100,0.7,0.05,0.25,0,5,20,2,21.7,asia,room_calculation
4024,RLZ-82 Ice,RLZ-82 Ice,2680,1,30,6000,1000,0.75,0,12,770,144,45,0.4271,200,0.7,0.05,0.25,0,5,21,1,29.3,asia,room_calculation
4025,RLZ-101 Ice,RLZ-101 Ice,2690,1,40,9000,1300,0.75,0,25,965,144,45,0.6851,100,0.7,0.05,0.25,0,5,20,2,36.7,asia,room_calculation
4026,RLZ-102 Ice,RLZ-102 Ice,2700,1,63,12000,2100,0.75,0,25,965,144,45,0.6851,200,0.7,0.05,0.25,0,5,21,1,58.2,asia,room_calculation
4027,RLZ-102L Ice,RLZ-102L Ice,2710,1,70,12000,2400,0.75,0,25,965,144,45,0.6851,200,0.7,0.05,0.25,0,5,21,1,61.2,asia,room_calculation
4028,RLFA-081 ,RLFA-081 ,2720,1,24,3200,950,0.7,0,25,770,144,45,0.4271,100,0.7,0.05,0.25,0,5,7,2,19.5,asia,room_calculation
4029,RLFA-101,RLFA-101,2730,1,42,7000,1750,0.7,0,25,965,144,45,0.6851,100,0.7,0.05,0.25,0,5,7,2,34.8,asia,room_calculation
4030,RLFA-102,RLFA-102,2740,1,66,8500,2750,0.7,0,25,965,144,45,0.6851,200,0.7,0.05,0.25,0,5,8,1,52.6,asia,room_calculation
4031,RLFA-122,RLFA-122,2750,1,112,15600,4700,0.7,0,25,1220,168,45,1.1102,200,0.7,0.05,0.25,0,5,8,1,90.4,asia,room_calculation
4032,RLFA-152,RLFA-152,2760,1,158,16800,6300,0.7,0,25,1525,170,45,1.7599,200,0.7,0.05,0.25,0,5,8,1,120.4,asia,room_calculation
4033,RLFA-172,RLFA-172,2770,1,200,20500,8000,0.7,0,25,1730,270,45,2.235,200,0.7,0.05,0.25,0,5,8,1,148.8,asia,room_calculation
4034,RLFA-192,RLFA-192,2780,1,250,22750,10000,0.7,0,25,1940,270,45,2.84,200,0.7,0.05,0.25,0,5,8,1,177.4,asia,room_calculation
4035,RLFA-222,RLFA-222,2790,1,325,34000,13000,0.7,0,25,2190,270,42,3.6465,200,0.7,0.05,0.25,0,5,8,1,245.7,asia,room_calculation
4036,RLFA-242,RLFA-242,2800,1,380,41000,15200,0.7,0,25,2450,360,42,4.353,200,0.7,0.05,0.25,0,5,8,1,291.9,asia,room_calculation
4037,RFA-081,RFA-081,2810,1,24,3200,950,0.3,0,46,770,144,45,0.4271,100,0.6,0.15,0.25,0,5,7,2,19.8,asia,room_calculation
4038,RFA-101,RFA-101,2820,1,42,7000,1750,0.3,0,49,965,144,45,0.6851,100,0.58,0.17,0.25,0,5,7,2,35.5,asia,room_calculation
4039,RFA-102,RFA-102,2830,1,66,8500,2750,0.3,0,37,965,144,45,0.6851,200,0.58,0.17,0.25,0,5,8,1,54.7,asia,room_calculation
4040,RFA-122,RFA-122,2840,1,112,15600,4700,0.3,0,39,1220,168,45,1.1102,200,0.58,0.18,0.24,0,5,8,1,93.1,asia,room_calculation
4041,RFA-152,RFA-152,2850,1,158,16800,6300,0.3,0,30,1525,170,45,1.7599,200,0.56,0.19,0.25,0,5,8,1,123,asia,room_calculation
4042,RFA-172,RFA-172,2860,1,200,20500,8000,0.3,0,30,1730,270,45,2.235,200,0.58,0.17,0.25,0,5,8,1,154,asia,room_calculation
4043,RFA-192,RFA-192,2870,1,250,22750,10000,0.3,0,30,1940,270,45,2.84,200,0.58,0.17,0.25,0,5,8,1,180.5,asia,room_calculation
4044,RFA-222,RFA-222,2880,1,325,34000,13000,0.3,0,30,2190,270,42,3.6465,200,0.6,0.15,0.25,0,5,8,1,254.2,asia,room_calculation
4045,RFA-242,RFA-242,2890,1,380,41000,15200,0.3,0,30,2450,360,42,4.353,200,0.6,0.15,0.25,0,5,8,1,306.3,asia,room_calculation
4046,RFA-244,RFA-244,2900,1,380,41000,15200,0.3,0,30,2450,360,42,4.353,400,0.6,0.15,0.25,0,5,9,1,317.6,asia,room_calculation
4047,DR-31 T10,DR-31 T10,2910,2,1.9,310,110,0,0.5,24,300,62,12,0.0639,100,0.51,0.12,0.25,0.12,5,14,2,1.6,asia,room_calculation
4048,CS-5,CS-5,2920,3,0.65,65,30,0,0,36,180,42,39,0.0183,50,0.6,0,0.4,0,5,10,2,0.3,asia,room_calculation
4049,CS-5L,CS-5L,2930,3,0.85,90,50,0,0,36,180,42,39,0.0183,50,0.6,0,0.4,0,5,10,2,0.4,asia,room_calculation
4050,DC-5,DC-5,2940,3,0.85,120,40,0,0,36,180,42,39,0.0183,50,0.6,0,0.4,0,5,10,2,0.5,asia,room_calculation
4051,DCA-10,DCA-10,2950,3,1.1,190,60,0,0,36,180,42,39,0.0183,50,0.63,0,0.37,0,5,10,2,0.5,asia,room_calculation
4052,DC-20,DC-20,2960,3,1.7,310,60,0,0,28,250,62,30,0.0386,50,0.66,0,0.34,0,5,10,2,1.1,asia,room_calculation
4053,DC-30 T10,DC-30 T10,2970,3,1.8,400,90,0,0,23,300,62,30,0.0593,50,0.66,0,0.34,0,5,10,2,1.2,asia,room_calculation
4054,DC-30 T16,DC-30 T16,2980,3,2.8,400,70,0,0,23,300,62,30,0.0593,50,0.66,0,0.34,0,5,10,2,1.8,asia,room_calculation
4055,DC-31 T10,DC-31 T10,2990,3,2.1,300,120,0,0,24,300,62,12,0.0639,100,0.75,0,0.25,0,5,11,2,1.6,asia,room_calculation
4056,DC-31 T16,DC-31 T16,3000,3,2.9,490,110,0,0,24,300,62,12,0.0639,100,0.75,0,0.25,0,5,11,2,2.3,asia,room_calculation
4057,DC-50 R,DC-50 R,3010,3,5,550,150,0,0,25,450,62,45,0.1449,50,0.58,0,0.42,0,10,10,2,3,asia,room_calculation
4058,CZ-82 ,CZ-82 ,3020,3,30,3200,850,0,0,12,770,144,45,0.4271,200,0.75,0,0.25,0,5,12,1,22.6,asia,room_calculation
4059,CZ-102 ,CZ-102 ,3030,3,50,5200,1400,0,0,12,965,144,45,0.6851,200,0.75,0,0.25,0,5,12,1,37.1,asia,room_calculation
4060,CZ-102L,CZ-102L,3040,3,74,7200,2000,0,0,12,965,144,45,0.6851,200,0.75,0,0.25,0,5,12,1,47.6,asia,room_calculation
4061,CZ-104,CZ-104,3050,3,95,8000,2500,0,0,12,965,144,45,0.6851,400,0.75,0,0.25,0,5,13,1,63.5,asia,room_calculation
4062,CZ-82 ICE,CZ-82 ICE,3060,3,30,6000,850,0,0,12,770,144,45,0.4271,200,0.75,0,0.25,0,5,22,1,26,asia,room_calculation
4063,CZ-102 ICE,CZ-102 ICE,3070,3,50,12000,1400,0,0,12,965,144,45,0.6851,200,0.75,0,0.25,0,5,22,1,44.6,asia,room_calculation
4064,CZ-102L ICE,CZ-102L ICE,3080,3,74,12000,2000,0,0,12,965,144,45,0.6851,200,0.75,0,0.25,0,5,22,1,55.6,asia,room_calculation
4065,CZ-104 ICE,CZ-104 ICE,3090,3,95,10000,2500,0,0,12,965,144,45,0.6851,400,0.75,0,0.25,0,5,23,1,70.1,asia,room_calculation
4066,CZ-82HW 6/4,CZ-82HW 6/4,3100,3,30,3200,1600,0,0,12,770,144,45,0.4271,200,0.6,0,0.4,0,10,12,1,19.3,asia,room_calculation
4067,CZ-102HW 6/4,CZ-102HW 6/4,3110,3,56,7200,3000,0,0,12,965,144,45,0.6851,200,0.6,0,0.4,0,10,12,1,36.7,asia,room_calculation
4068,CZ-82HWR 6/4,CZ-82HWR 6/4,3120,3,60,3200,1600,0,0,12,770,144,45,0.4271,200,0.6,0,0.4,0,5,12,1,25.4,asia,room_calculation
4069,CZ-102HWR 6/4,CZ-102HWR 6/4,3130,3,116,7200,3000,0,0,12,965,144,45,0.6851,200,0.6,0,0.4,0,5,12,1,50.2,asia,room_calculation
4070,CFA-061,CFA-061,3140,3,13.5,1200,400,0,0,12,550,62,45,0.2176,100,0.76,0,0.24,0,5,11,2,8.2,asia,room_calculation
4071,CFA-061L,CFA-061L,3150,3,18,1800,600,0,0,12,550,62,45,0.2176,100,0.76,0,0.24,0,5,11,2,9.6,asia,room_calculation
4072,CFA-081 ,CFA-081 ,3160,3,30,3000,900,0,0,12,770,144,45,0.4271,100,0.75,0,0.25,0,5,11,2,18,asia,room_calculation
4073,CFA-081L,CFA-081L,3170,3,45,4000,1300,0,0,12,770,144,45,0.4271,100,0.75,0,0.25,0,5,11,2,20.9,asia,room_calculation
4074,CFA-101,CFA-101,3180,3,48,4500,1500,0,0,12,965,144,45,0.6851,100,0.75,0,0.25,0,5,11,2,27.8,asia,room_calculation
4075,CFA-101L,CFA-101L,3190,3,75,7000,2200,0,0,12,965,144,45,0.6851,100,0.75,0,0.25,0,5,11,2,34.3,asia,room_calculation
4076,CFA-102,CFA-102,3200,3,84,7500,2500,0,0,12,965,144,45,0.6851,200,0.75,0,0.25,0,5,12,1,49.2,asia,room_calculation
4077,CFA-102L,CFA-102L,3210,3,110,10000,3300,0,0,12,965,144,45,0.6851,200,0.75,0,0.25,0,5,12,1,57.5,asia,room_calculation
4078,CFA-122,CFA-122,3220,3,135,11000,4000,0,0,12,1220,168,45,1.1102,200,0.76,0,0.24,0,5,12,1,75.3,asia,room_calculation
4079,CFA-122L,CFA-122L,3230,3,155,14000,4600,0,0,12,1220,168,45,1.1102,200,0.76,0,0.24,0,5,12,1,85.8,asia,room_calculation
4080,CFA-152,CFA-152,3240,3,168,15000,5000,0,0,12,1525,170,45,1.7599,200,0.75,0,0.25,0,5,12,1,107.8,asia,room_calculation
4081,CFA-152L,CFA-152L,3250,3,235,22000,7000,0,0,12,1525,170,45,1.7599,200,0.75,0,0.25,0,5,12,1,134.3,asia,room_calculation
4082,CFA-172,CFA-172,3260,3,260,23000,7700,0,0,12,1730,270,45,2.235,200,0.74,0,0.26,0,5,12,1,155,asia,room_calculation
4083,CFA-172L,CFA-172L,3270,3,335,30000,10000,0,0,12,1730,270,45,2.235,200,0.74,0,0.26,0,5,12,1,179.4,asia,room_calculation
4084,CFA-192,CFA-192,3280,3,365,31000,11000,0,0,12,1940,270,45,2.84,200,0.75,0,0.25,0,5,12,1,202.6,asia,room_calculation
4085,CFA-192L,CFA-192L,3290,3,400,36000,12000,0,0,12,1940,270,45,2.84,200,0.75,0,0.25,0,5,12,1,220.5,asia,room_calculation
4086,CFA-222,CFA-222,3300,3,155,35000,13000,0,0,12,2190,270,42,3.6465,200,0.75,0,0.25,0,5,12,1,109.5,asia,room_calculation
4087,CFA-242,CFA-242,3310,3,557,41000,15200,0,0,12,2450,360,42,4.353,200,0.75,0,0.25,0,5,12,1,295.9,asia,room_calculation
4088,CFA-061 6/4,CFA-061 6/4,3320,3,9,1000,350,0,0,12,550,62,45,0.2176,100,0.57,0,0.43,0,5,11,2,6.6,asia,room_calculation
4089,CFA-081 6/4,CFA-081 6/4,3330,3,16,2100,800,0,0,12,770,144,45,0.4271,100,0.6,0,0.4,0,10,11,2,11.7,asia,room_calculation
4090,CFA-101 6/4,CFA-101 6/4,3340,3,26,3300,1300,0,0,12,965,144,45,0.6851,100,0.58,0,0.42,0,10,11,2,19,asia,room_calculation
4091,CFA-102 6/4,CFA-102 6/4,3350,3,50,6500,4200,0,0,12,965,144,45,0.6851,200,0.58,0,0.42,0,10,12,1,28.6,asia,room_calculation
4092,CFA-122 6/4,CFA-122 6/4,3360,3,80,10600,4000,0,0,12,1220,168,45,1.1102,200,0.58,0,0.42,0,10,12,1,56.7,asia,room_calculation
4093,CFA-152 6/4,CFA-152 6/4,3370,3,126,16800,6300,0,0,12,1525,170,45,1.7599,200,0.56,0,0.44,0,10,12,1,89.6,asia,room_calculation
4094,CFA-172 6/4,CFA-172 6/4,3380,3,160,21500,8000,0,0,12,1730,270,45,2.235,200,0.59,0,0.41,0,10,12,1,113.2,asia,room_calculation
4095,CFA-192 6/4,CFA-192 6/4,3390,3,200,27000,10000,0,0,12,1940,270,45,2.84,200,0.58,0,0.42,0,10,12,1,142.5,asia,room_calculation
4096,CFA-222 6/4,CFA-222 6/4,3400,3,260,35000,13000,0,0,12,2190,270,42,3.6465,200,0.6,0,0.4,0,10,12,1,184.9,asia,room_calculation
4097,CFA-242 6/4,CFA-242 6/4,3410,3,304,41000,15200,0,0,12,2450,360,42,4.353,200,0.6,0,0.4,0,10,12,1,217.2,asia,room_calculation
5000,DR-010 B,DR-010 B,3420,1,0.69,190,40,0,0,36,180,42,39,0.0183,50,0.63,0.13,0.24,0,5,6,2,0.4,other,unit_selection
5001,DR-20B,DR-20B,3430,1,1,330,60,0,0,28,250,62,30,0.0386,50,0.61,0.14,0.25,0,5,6,2,0.8,other,unit_selection
5002,DR-30D,DR-30D,3440,1,1.35,360,75,0,0,23,300,62,30,0.0593,50,0.61,0.14,0.25,0,5,6,2,1.1,other,unit_selection
5003,DR-40-T10,DR-40-T10,3450,1,1.9,600,120,0,0,25,450,62,45,0.1449,50,0.58,0.18,0.24,0,10,6,2,1.7,other,unit_selection
5004,DR-40-T16,DR-40-T16,3460,1,3,550,150,0,0,25,450,62,45,0.1449,50,0.58,0.18,0.24,0,10,6,2,2.2,other,unit_selection
5005,DR-50 R,DR-50 R,3470,1,4,600,180,0,0,25,450,62,45,0.1449,50,0.58,0.18,0.24,0,10,6,2,2.6,other,unit_selection
5006,RL-60R,RL-60R,3480,1,5.4,850,180,0.7,0,31,550,62,45,0.2176,50,0.7,0.05,0.25,0,5,6,2,4.3,other,unit_selection
5007,RL-60LR,RL-60LR,3490,1,7.5,1000,250,0.7,0,31,550,62,45,0.2176,50,0.7,0.05,0.25,0,5,6,2,5.2,other,unit_selection
5008,RL-61,RL-61,3500,1,9,1300,280,0.7,0,15,550,62,45,0.2176,100,0.7,0.05,0.25,0,6,7,2,8.2,other,unit_selection
5009,RL-61 Ice,RL-61 Ice,3510,1,9,1600,280,0.7,0,15,550,62,45,0.2176,100,0.7,0.05,0.25,0,3,20,2,8.9,other,unit_selection
5010,RL-61L,RL-61L,3520,1,13.5,1800,420,0.7,0,25,550,62,45,0.2176,100,0.7,0.05,0.25,0,0,7,2,11.6,other,unit_selection
5011,RL-61L Ice,RL-61L Ice,3530,1,13.5,2100,420,0.7,0,25,550,62,45,0.2176,100,0.7,0.05,0.25,0,1,20,2,12,other,unit_selection
5012,RL-71,RL-71,3540,1,17,2500,650,0.7,0,45,660,62,45,0.3133,100,0.7,0.05,0.25,0,5,7,2,13.5,other,unit_selection
5013,RL-71 Ice,RL-71 Ice,3550,1,17,3000,650,0.55,0,45,660,62,45,0.3133,100,0.7,0.05,0.25,0,3,20,2,15.2,other,unit_selection
5014,RL-71L,RL-71L,3560,1,24,3200,900,0.6,0,45,660,62,45,0.3133,100,0.7,0.05,0.25,0,8,7,2,17.4,other,unit_selection
5015,RLZ-81,RLZ-81,3570,1,24,2900,750,0.75,0,25,770,144,45,0.4271,100,0.7,0.05,0.25,0,5,7,2,19.3,other,unit_selection
5016,RLZ-82,RLZ-82,3580,1,30,3500,1000,0.75,0,12,770,144,45,0.4271,200,0.7,0.05,0.25,0,5,8,1,25.1,other,unit_selection
5017,RLZ-101,RLZ-101,3590,1,40,4600,1300,0.75,0,25,965,144,45,0.6851,100,0.7,0.05,0.25,0,5,7,2,31.4,other,unit_selection
5018,RLZ-102,RLZ-102,3600,1,63,7000,2100,0.75,0,25,965,144,45,0.6851,200,0.7,0.05,0.25,0,5,8,1,49.7,other,unit_selection
5019,RLZ-102L,RLZ-102L,3610,1,70,9000,2400,0.75,0,25,965,144,45,0.6851,200,0.7,0.05,0.25,0,5,8,1,56.2,other,unit_selection
5020,RLZ-104,RLZ-104,3620,1,80,10500,2500,0.75,0,12,965,144,45,0.6851,400,0.7,0.05,0.25,0,5,9,1,69,other,unit_selection
5021,RLZ-81 Ice,RLZ-81 Ice,3630,1,24,4500,750,0.75,0,25,770,144,45,0.4271,100,0.7,0.05,0.25,0,5,20,2,21.7,other,unit_selection
5022,RLZ-82 Ice,RLZ-82 Ice,3640,1,30,6000,1000,0.75,0,12,770,144,45,0.4271,200,0.7,0.05,0.25,0,5,21,1,29.3,other,unit_selection
5023,RLZ-101 Ice,RLZ-101 Ice,3650,1,40,9000,1300,0.75,0,25,965,144,45,0.6851,100,0.7,0.05,0.25,0,5,20,2,36.7,other,unit_selection
5024,RLZ-102 Ice,RLZ-102 Ice,3660,1,63,12000,2100,0.75,0,25,965,144,45,0.6851,200,0.7,0.05,0.25,0,5,21,1,58.2,other,unit_selection
5025,RF-081,RF-081,3670,1,24,3200,950,0.3,0,46,770,144,45,0.4271,100,0.6,0.15,0.25,0,5,7,2,19.8,other,unit_selection
5026,RF-082 R,RF-082 R,3680,1,42,4400,1800,0,0,46,770,144,45,0.4271,200,0.6,0.15,0.25,0,5,8,1,32.4,other,unit_selection
5027,RF-101,RF-101,3690,1,42,7000,1750,0.3,0,49,965,144,45,0.6851,100,0.58,0.17,0.25,0,5,7,2,35.5,other,unit_selection
5028,RF-102,RF-102,3700,1,66,8500,2750,0.3,0,37,965,144,45,0.6851,200,0.58,0.17,0.25,0,5,8,1,54.7,other,unit_selection
5029,RF-122,RF-122,3710,1,112,15600,4700,0.3,0,39,1220,168,45,1.1102,200,0.58,0.18,0.24,0,5,8,1,93.1,other,unit_selection
5030,RF-152,RF-152,3720,1,158,16800,6300,0.3,0,30,1525,170,45,1.7599,200,0.56,0.19,0.25,0,5,8,1,123,other,unit_selection
5031,RF-172,RF-172,3730,1,200,20500,8000,0.3,0,30,1730,270,45,2.235,200,0.58,0.17,0.25,0,5,8,1,154,other,unit_selection
5032,RF-192,RF-192,3740,1,250,22750,10000,0.3,0,30,1940,270,45,2.84,200,0.58,0.17,0.25,0,5,8,1,180.5,other,unit_selection
5033,RF-222,RF-222,3750,1,325,34000,13000,0.3,0,30,2190,270,42,3.6465,200,0.6,0.15,0.25,0,5,8,1,254.2,other,unit_selection
5034,RF-242,RF-242,3760,1,380,41000,15200,0.3,0,30,2450,360,42,4.353,200,0.6,0.15,0.25,0,5,8,1,306.3,other,unit_selection
5035,RLF-081 ,RLF-081 ,3770,1,24,3200,950,0.7,0,25,770,144,45,0.4271,100,0.7,0.05,0.25,0,5,7,2,19.5,other,unit_selection
5036,RLF-082,RLF-082,3780,1,30,3500,1000,0.75,0,12,770,144,45,0.4271,200,0.7,0.05,0.25,0,5,8,1,25.1,other,unit_selection
5037,RLF-101,RLF-101,3790,1,42,7000,1750,0.7,0,25,965,144,45,0.6851,100,0.7,0.05,0.25,0,5,7,2,34.8,other,unit_selection
5038,RLF-102,RLF-102,3800,1,66,8500,2750,0.7,0,25,965,144,45,0.6851,200,0.7,0.05,0.25,0,5,8,1,52.6,other,unit_selection
5039,RLF-122,RLF-122,3810,1,112,15600,4700,0.7,0,25,1220,168,45,1.1102,200,0.7,0.05,0.25,0,5,8,1,90.4,other,unit_selection
5040,RLF-152,RLF-152,3820,1,158,16800,6300,0.7,0,25,1525,170,45,1.7599,200,0.7,0.05,0.25,0,5,8,1,120.4,other,unit_selection
5041,RLF-172,RLF-172,3830,1,200,20500,8000,0.7,0,25,1730,270,45,2.235,200,0.7,0.05,0.25,0,5,8,1,148.8,other,unit_selection
5042,RLF-192,RLF-192,3840,1,250,22750,10000,0.7,0,25,1940,270,45,2.84,200,0.7,0.05,0.25,0,5,8,1,177.4,other,unit_selection
5043,RLF-222,RLF-222,3850,1,325,34000,13000,0.7,0,25,2190,270,42,3.6465,200,0.7,0.05,0.25,0,5,8,1,245.7,other,unit_selection
5044,RLF-242,RLF-242,3860,1,380,41000,15200,0.7,0,25,2450,360,42,4.353,200,0.7,0.05,0.25,0,5,8,1,291.9,other,unit_selection
5045,RU-060 R,RU-060 R,3870,1,8,700,250,0,0,42,550,62,45,0.2176,50,0.58,0.18,0.24,0,5,6,2,4.5,other,unit_selection
5046,RU-061 R,RU-061 R,3880,1,12,1300,440,0,0,42,550,62,45,0.2176,100,0.58,0.18,0.24,0,5,7,2,9.4,other,unit_selection
5047,RU-062 R,RU-062 R,3890,1,20,2300,750,0,0,42,550,144,45,0.2145,200,0.63,0.13,0.24,0,5,8,1,16.6,other,unit_selection
5048,RU-081 R,RU-081 R,3900,1,22,2200,950,0,0,46,770,144,45,0.4271,100,0.6,0.15,0.25,0,5,7,2,16.4,other,unit_selection
5049,RU-082 R,RU-082 R,3910,1,42,4400,1800,0,0,46,770,144,45,0.4271,200,0.6,0.15,0.25,0,5,8,1,32.4,other,unit_selection
5050,RU-101 R,RU-101 R,3920,1,42,4400,1600,0,0,37,965,144,45,0.6851,100,0.58,0.17,0.25,0,5,7,2,31.3,other,unit_selection
5051,RU-102 R,RU-102 R,3930,1,64,6800,2500,0,0,37,965,144,45,0.6851,200,0.58,0.17,0.25,0,5,8,1,50.8,other,unit_selection
5052,RU-104 R,RU-104 R,3940,1,64,9000,2500,0,0,20,965,144,45,0.6851,400,0.58,0.17,0.25,0,5,9,1,60.5,other,unit_selection
5053,RUF-122 R,RUF-122 R,3950,1,100,11000,3900,0,0,39,1220,168,45,1.1102,200,0.58,0.18,0.24,0,5,8,1,80.8,other,unit_selection
5054,RUF-152 R,RUF-152 R,3960,1,162,17000,6400,0,0,30,1525,170,45,1.7599,200,0.56,0.19,0.25,0,5,8,1,125.5,other,unit_selection
5055,RUF-172 R,RUF-172 R,3970,1,214,23000,8400,0,0,30,1730,270,45,2.235,200,0.58,0.17,0.25,0,5,8,1,165.9,other,unit_selection
5056,RUF-192 R,RUF-192 R,3980,1,262,28000,10300,0,0,30,1940,270,45,2.84,200,0.58,0.17,0.25,0,5,8,1,205.2,other,unit_selection
5057,RUF-222 R,RUF-222 R,3990,1,334,38000,13200,0,0,30,2190,270,42,3.6465,200,0.6,0.15,0.25,0,5,8,1,271.9,other,unit_selection
5058,RUF-242 R,RUF-242 R,4000,1,398,45000,15700,0,0,30,2450,360,42,4.353,200,0.6,0.15,0.25,0,5,8,1,324.5,other,unit_selection
5059,RUF-244 R,RUF-244 R,4010,1,398,45000,15700,0,0,30,2450,360,42,4.353,400,0.6,0.15,0.25,0,5,9,1,339.2,other,unit_selection
5060,DR-31 T10,DR-31 T10,4020,2,1.9,310,110,0,0.5,24,300,62,12,0.0639,100,0.51,0.12,0.25,0.12,5,14,2,1.6,other,unit_selection
5061,CS-5,CS-5,4030,3,0.65,65,30,0,0,36,180,42,39,0.0183,50,0.6,0,0.4,0,5,10,2,0.3,other,unit_selection
5062,CS-5L,CS-5L,4040,3,0.85,90,50,0,0,36,180,42,39,0.0183,50,0.6,0,0.4,0,5,10,2,0.4,other,unit_selection
5063,DC-5,DC-5,4050,3,0.85,120,40,0,0,36,180,42,39,0.0183,50,0.6,0,0.4,0,5,10,2,0.5,other,unit_selection
5064,DC-10,DC-10,4060,3,1.1,190,60,0,0,36,180,42,39,0.0183,50,0.63,0,0.37,0,5,10,2,0.5,other,unit_selection
5065,DC-20,DC-20,4070,3,1.7,310,60,0,0,28,250,62,30,0.0386,50,0.66,0,0.34,0,5,10,2,1.1,other,unit_selection
5066,DC-30 T10,DC-30 T10,4080,3,1.8,400,90,0,0,23,300,62,30,0.0593,50,0.66,0,0.34,0,5,10,2,1.2,other,unit_selection
5067,DC-30 T16,DC-30 T16,4090,3,2.8,400,70,0,0,23,300,62,30,0.0593,50,0.66,0,0.34,0,5,10,2,1.8,other,unit_selection
5068,DC-31 T10,DC-31 T10,4100,3,2.1,300,120,0,0,24,300,62,12,0.0639,100,0.75,0,0.25,0,5,11,2,1.6,other,unit_selection
5069,DC-31 T16,DC-31 T16,4110,3,2.9,490,110,0,0,24,300,62,12,0.0639,100,0.75,0,0.25,0,5,11,2,2.3,other,unit_selection
5070,DC-50 R,DC-50 R,4120,3,5,550,150,0,0,25,450,62,45,0.1449,50,0.58,0,0.42,0,10,10,2,3,other,unit_selection
5071,CZ-82 ,CZ-82 ,4130,3,30,3200,850,0,0,12,770,144,45,0.4271,200,0.75,0,0.25,0,5,12,1,22.6,other,unit_selection
5072,CZ-102 ,CZ-102 ,4140,3,50,5200,1400,0,0,12,965,144,45,0.6851,200,0.75,0,0.25,0,5,12,1,37.1,other,unit_selection
5073,CZ-102L,CZ-102L,4150,3,74,7200,2000,0,0,12,965,144,45,0.6851,200,0.75,0,0.25,0,5,12,1,47.6,other,unit_selection
5074,CZ-104,CZ-104,4160,3,95,8000,2500,0,0,12,965,144,45,0.6851,400,0.75,0,0.25,0,5,13,1,63.5,other,unit_selection
5075,CZ-82 ICE,CZ-82 ICE,4170,3,30,6000,850,0,0,12,770,144,45,0.4271,200,0.75,0,0.25,0,5,22,1,26,other,unit_selection
5076,CZ-102 ICE,CZ-102 ICE,4180,3,50,12000,1400,0,0,12,965,144,45,0.6851,200,0.75,0,0.25,0,5,22,1,44.6,other,unit_selection
5077,CZ-102L ICE,CZ-102L ICE,4190,3,74,12000,2000,0,0,12,965,144,45,0.6851,200,0.75,0,0.25,0,5,22,1,55.6,other,unit_selection
5078,CZ-104 ICE,CZ-104 ICE,4200,3,95,10000,2500,0,0,12,965,144,45,0.6851,400,0.75,0,0.25,0,5,23,1,70.1,other,unit_selection
5079,CZ-82HW 6/4,CZ-82HW 6/4,4210,3,30,3200,1600,0,0,12,770,144,45,0.4271,200,0.6,0,0.4,0,10,12,1,19.3,other,unit_selection
5080,CZ-102HW 6/4,CZ-102HW 6/4,4220,3,56,7200,3000,0,0,12,965,144,45,0.6851,200,0.6,0,0.4,0,10,12,1,36.7,other,unit_selection
5081,CZ-82HWR 6/4,CZ-82HWR 6/4,4230,3,60,3200,1600,0,0,12,770,144,45,0.4271,200,0.6,0,0.4,0,5,12,1,25.4,other,unit_selection
5082,CZ-102HWR 6/4,CZ-102HWR 6/4,4240,3,116,7200,3000,0,0,12,965,144,45,0.6851,200,0.6,0,0.4,0,5,12,1,50.2,other,unit_selection
5083,CF-081 ,CF-081 ,4250,3,29,2100,800,0,0,12,770,144,45,0.4271,100,0.75,0,0.25,0,5,11,2,15.6,other,unit_selection
5084,CF-101,CF-101,4260,3,48,3300,1300,0,0,12,965,144,45,0.6851,100,0.75,0,0.25,0,5,11,2,25.1,other,unit_selection
5085,CF-102,CF-102,4270,3,92,6500,2500,0,0,12,965,144,45,0.6851,200,0.75,0,0.25,0,5,12,1,46.8,other,unit_selection
5086,CF-122,CF-122,4280,3,147,10600,4000,0,0,12,1220,168,45,1.1102,200,0.76,0,0.24,0,5,12,1,76.2,other,unit_selection
5087,CF-152,CF-152,4290,3,231,16800,6300,0,0,12,1525,170,45,1.7599,200,0.75,0,0.25,0,5,12,1,120,other,unit_selection
5088,CF-172,CF-172,4300,3,293,20500,8000,0,0,12,1730,270,45,2.235,200,0.74,0,0.26,0,5,12,1,148.9,other,unit_selection
5089,CF-192,CF-192,4310,3,367,22750,10000,0,0,12,1940,270,45,2.84,200,0.75,0,0.25,0,5,12,1,177.3,other,unit_selection
5090,CF-222,CF-222,4320,3,477,34000,13000,0,0,12,2190,270,42,3.6465,200,0.75,0,0.25,0,5,12,1,248.62,other,unit_selection
5091,CF-242,CF-242,4330,3,557,41000,15200,0,0,12,2450,360,42,4.353,200,0.75,0,0.25,0,5,12,1,295.94,other,unit_selection
5092,CF-081 6/4,CF-081 6/4,4340,3,16,2100,800,0,0,12,770,144,45,0.4271,100,0.6,0,0.4,0,10,11,2,11.72,other,unit_selection
5093,CF-101 6/4,CF-101 6/4,4350,3,26,3300,1300,0,0,12,965,144,45,0.6851,100,0.58,0,0.42,0,10,11,2,18.97,other,unit_selection
5094,CF-102 6/4,CF-102 6/4,4360,3,50,6500,4200,0,0,12,965,144,45,0.6851,200,0.58,0,0.42,0,10,12,1,28.63,other,unit_selection
5095,CF-122 6/4,CF-122 6/4,4370,3,80,10600,4000,0,0,12,1220,168,45,1.1102,200,0.58,0,0.42,0,10,12,1,56.71,other,unit_selection
5096,CF-152 6/4,CF-152 6/4,4380,3,126,16800,6300,0,0,12,1525,170,45,1.7599,200,0.56,0,0.44,0,10,12,1,89.56,other,unit_selection
5097,CF-172 6/4,CF-172 6/4,4390,3,160,20500,8000,0,0,12,1730,270,45,2.235,200,0.59,0,0.41,0,10,12,1,111.5,other,unit_selection
5098,CF-192 6/4,CF-192 6/4,4400,3,200,22750,10000,0,0,12,1940,270,45,2.84,200,0.58,0,0.42,0,10,12,1,133.13,other,unit_selection
5099,CF-222 6/4,CF-222 6/4,4410,3,260,34000,13000,0,0,12,2190,270,42,3.6465,200,0.6,0,0.4,0,10,12,1,183.52,other,unit_selection
5100,CF-242 6/4,CF-242 6/4,4420,3,304,41000,15200,0,0,12,2450,360,42,4.353,200,0.6,0,0.4,0,10,12,1,217.18,other,unit_selection
5101,RU-060 ,RU-060 ,4430,3,10,800,250,0,0,42,550,62,45,0.2176,50,0.76,0,0.24,0,5,10,2,4.91,other,unit_selection
5102,RU-061,RU-061,4440,3,18,1400,440,0,0,42,550,62,45,0.2176,100,0.76,0,0.24,0,5,11,2,9.64,other,unit_selection
5103,RU-062,RU-062,4450,3,32,2400,750,0,0,42,550,144,45,0.2176,200,0.76,0,0.24,0,5,12,1,16.78,other,unit_selection
5104,RU-081 ,RU-081 ,4460,3,29,2100,800,0,0,12,770,144,45,0.4271,100,0.75,0,0.25,0,5,11,2,15.6,other,unit_selection
5105,RU-082,RU-082,4470,3,66,4700,1600,0,0,46,770,144,45,0.4271,200,0.75,0,0.25,0,5,12,1,33.38,other,unit_selection
5106,RU-101,RU-101,4480,3,66,4700,1600,0,0,37,965,144,45,0.6851,100,0.75,0,0.25,0,5,11,2,33.68,other,unit_selection
5107,RU-102,RU-102,4490,3,102,7400,2500,0,0,37,965,144,45,0.6851,200,0.75,0,0.25,0,5,12,1,53.76,other,unit_selection
5108,RU-104,RU-104,4500,3,102,7400,2500,0,0,12,965,144,45,0.6851,400,0.75,0,0.25,0,5,13,1,61.89,other,unit_selection
5109,RUF-122,RUF-122,4510,3,158,13000,3900,0,0,39,1220,168,45,1.1102,200,0.76,0,0.24,0,5,12,1,88.9,other,unit_selection
5110,RUF-152,RUF-152,4520,3,260,20000,6400,0,0,30,1525,170,45,1.7599,200,0.75,0,0.25,0,5,12,1,143.2,other,unit_selection
5111,RUF-172,RUF-172,4530,3,340,24000,8400,0,0,30,1730,270,45,2.235,200,0.74,0,0.26,0,5,12,1,177.64,other,unit_selection
5112,RUF-192,RUF-192,4540,3,418,31000,10300,0,0,30,1940,270,45,2.84,200,0.75,0,0.25,0,5,12,1,224.95,other,unit_selection
5113,RUF-222,RUF-222,4550,3,534,40000,13200,0,0,30,2190,270,42,3.6465,200,0.75,0,0.25,0,5,12,1,292.39,other,unit_selection
5114,RUF-242,RUF-242,4560,3,636,48000,15700,0,0,30,2450,360,42,4.353,200,0.75,0,0.25,0,5,12,1,349.22,other,unit_selection
5115,RUF-244,RUF-244,4570,3,636,48000,15700,0,0,30,2450,360,42,4.353,400,0.75,0,0.25,0,5,13,1,357.51,other,unit_selection
5116,RU-060 6/4,RU-060 6/4,4580,3,9,600,450,0,0,42,550,62,45,0.2212,50,0.57,0,0.43,0,10,10,2,3.43,other,unit_selection
5117,RU-061 6/4,RU-061 6/4,4590,3,16,1100,790,0,0,42,550,62,45,0.2212,100,0.57,0,0.43,0,10,11,2,6.76,other,unit_selection
5118,RU-062 6/4,RU-062 6/4,4600,3,26,2000,1200,0,0,42,550,144,45,0.2176,200,0.62,0,0.38,0,10,12,1,12.31,other,unit_selection
5119,RU-081 6/4,RU-081 6/4,4610,3,16,2100,800,0,0,12,770,144,45,0.4271,100,0.6,0,0.4,0,10,11,2,11.72,other,unit_selection
5120,RU-082 6/4,RU-082 6/4,4620,3,54,3700,2600,0,0,46,770,144,45,0.4318,200,0.59,0,0.41,0,10,12,1,22.75,other,unit_selection
5121,RU-101 6/4,RU-101 6/4,4630,3,54,3700,2600,0,0,37,965,144,45,0.693,100,0.57,0,0.43,0,10,11,2,23.35,other,unit_selection
5122,RU-102 6/4,RU-102 6/4,4640,3,88,5700,4300,0,0,37,965,144,45,0.693,200,0.57,0,0.43,0,10,12,1,36.39,other,unit_selection
5123,RU-104 6/4,RU-104 6/4,4650,3,95,8000,4300,0,0,12,965,144,45,0.693,400,0.57,0,0.43,0,10,13,1,53.43,other,unit_selection
5124,RUF-122 6/4,RUF-122 6/4,4660,3,142,10000,7000,0,0,39,1220,168,45,1.1182,200,0.57,0,0.43,0,10,12,1,62.02,other,unit_selection
5125,RUF-152 6/4,RUF-152 6/4,4670,3,230,15000,11300,0,0,30,1525,170,45,1.7702,200,0.56,0,0.44,0,10,12,1,96.73,other,unit_selection
5126,RUF-172 6/4,RUF-172 6/4,4680,3,276,19000,13600,0,0,30,1730,270,45,2.246,200,0.58,0,0.42,0,10,12,1,123.27,other,unit_selection
5127,RUF-192 6/4,RUF-192 6/4,4690,3,350,24000,17300,0,0,30,1940,270,45,2.852,200,0.58,0,0.42,0,10,12,1,153.77,other,unit_selection
5128,RUF-222 6/4,RUF-222 6/4,4700,3,428,32000,21100,0,0,30,2190,270,42,3.6465,200,0.6,0,0.4,0,10,12,1,203.66,other,unit_selection
5129,RUF-242 6/4,RUF-242 6/4,4710,3,508,38000,25100,0,0,30,2450,360,42,4.353,200,0.6,0,0.4,0,10,12,1,239.22,other,unit_selection
5130,RUF-244 6/4,RUF-244 6/4,4720,3,508,38000,25100,0,0,30,2450,360,42,4.353,400,0.6,0,0.4,0,10,13,1,248.54,other,unit_selection
6000,DR-010 B,DR-010 B,4730,1,0.69,190,40,0,0,36,180,42,39,0.0183,50,0.63,0.13,0.24,0,5,6,2,0.4,asia,unit_selection
6001,DR-20B,DR-20B,4740,1,1,330,60,0,0,28,250,62,30,0.0386,50,0.61,0.14,0.25,0,5,6,2,0.8,asia,unit_selection
6002,DR-30D,DR-30D,4750,1,1.35,360,75,0,0,23,300,62,30,0.0593,50,0.61,0.14,0.25,0,5,6,2,1.1,asia,unit_selection
6003,DR-40-T10,DR-40-T10,4760,1,1.9,600,120,0,0,25,450,62,45,0.1449,50,0.58,0.18,0.24,0,10,6,2,1.7,asia,unit_selection
6004,DR-40-T16,DR-40-T16,4770,1,3,550,150,0,0,25,450,62,45,0.1449,50,0.58,0.18,0.24,0,10,6,2,2.2,asia,unit_selection
6005,DR-50 R,DR-50 R,4780,1,4,600,180,0,0,25,450,62,45,0.1449,50,0.58,0.18,0.24,0,10,6,2,2.6,asia,unit_selection
6006,RLA-60R,RLA-60R,4790,1,5.4,850,180,0.7,0,31,550,62,45,0.2176,50,0.7,0.05,0.25,0,5,6,2,4.3,asia,unit_selection
6007,RLA-60LR,RLA-60LR,4800,1,7.5,1000,250,0.7,0,31,550,62,45,0.2176,50,0.7,0.05,0.25,0,5,6,2,5.2,asia,unit_selection
6008,RA-051 R,RA-051 R,4810,1,9,1250,430,0.4,0,42,550,62,45,0.2176,100,0.58,0.18,0.24,0,5,7,2,7.7,asia,unit_selection
6009,RA-061 R,RA-061 R,4820,1,13.5,1450,580,0.4,0,42,550,62,45,0.2176,100,0.58,0.18,0.24,0,5,7,2,9.7,asia,unit_selection
6010,RL-61R,RL-61R,4830,1,9,1300,280,0.7,0,15,550,62,45,0.2176,100,0.7,0.05,0.25,0,6,7,2,8.2,asia,unit_selection
6011,RL-61 Ice,RL-61 Ice,4840,1,9,1600,280,0.7,0,15,550,62,45,0.2176,100,0.7,0.05,0.25,0,3,20,2,8.9,asia,unit_selection
6012,RL-61L,RL-61L,4850,1,13.5,1800,420,0.7,0,25,550,62,45,0.2176,100,0.7,0.05,0.25,0,0,7,2,11.6,asia,unit_selection
6013,RL-61L Ice,RL-61L Ice,4860,1,13.5,2100,420,0.7,0,25,550,62,45,0.2176,100,0.7,0.05,0.25,0,1,20,2,12,asia,unit_selection
6014,RLA-71,RLA-71,4870,1,17,2500,650,0.7,0,45,660,62,45,0.3133,100,0.7,0.05,0.25,0,5,7,2,13.5,asia,unit_selection
6015,RLA-71 Ice,RLA-71 Ice,4880,1,17,3000,650,0.55,0,45,660,62,45,0.3133,100,0.7,0.05,0.25,0,3,20,2,15.2,asia,unit_selection
6016,RLA-71L,RLA-71L,4890,1,24,3200,900,0.6,0,45,660,62,45,0.3133,100,0.7,0.05,0.25,0,8,7,2,17.4,asia,unit_selection
6017,RLZ-81,RLZ-81,4900,1,24,2900,750,0.75,0,25,770,144,45,0.4271,100,0.7,0.05,0.25,0,5,7,2,19.3,asia,unit_selection
6018,RLZ-82,RLZ-82,4910,1,30,3500,1000,0.75,0,12,770,144,45,0.4271,200,0.7,0.05,0.25,0,5,8,1,25.1,asia,unit_selection
6019,RLZ-101,RLZ-101,4920,1,40,4600,1300,0.75,0,25,965,144,45,0.6851,100,0.7,0.05,0.25,0,5,7,2,31.4,asia,unit_selection
6020,RLZ-102,RLZ-102,4930,1,63,7000,2100,0.75,0,25,965,144,45,0.6851,200,0.7,0.05,0.25,0,5,8,1,49.7,asia,unit_selection
6021,RLZ-102L,RLZ-102L,4940,1,70,9000,2400,0.75,0,25,965,144,45,0.6851,200,0.7,0.05,0.25,0,5,8,1,56.2,asia,unit_selection
6022,RLZ-104,RLZ-104,4950,1,80,10500,2500,0.75,0,12,965,144,45,0.6851,400,0.7,0.05,0.25,0,5,9,1,69,asia,unit_selection
6023,RLZ-81 Ice,RLZ-81 Ice,4960,1,24,4500,750,0.75,0,25,770,144,45,0.4271,100,0.7,0.05,0.25,0,5,20,2,21.7,asia,unit_selection
6024,RLZ-82 Ice,RLZ-82 Ice,4970,1,30,6000,1000,0.75,0,12,770,144,45,0.4271,200,0.7,0.05,0.25,0,5,21,1,29.3,asia,unit_selection
6025,RLZ-101 Ice,RLZ-101 Ice,4980,1,40,9000,1300,0.75,0,25,965,144,45,0.6851,100,0.7,0.05,0.25,0,5,20,2,36.7,asia,unit_selection
6026,RLZ-102 Ice,RLZ-102 Ice,4990,1,63,12000,2100,0.75,0,25,965,144,45,0.6851,200,0.7,0.05,0.25,0,5,21,1,58.2,asia,unit_selection
6027,RLZ-102L Ice,RLZ-102L Ice,5000,1,70,12000,2400,0.75,0,25,965,144,45,0.6851,200,0.7,0.05,0.25,0,5,21,1,61.2,asia,unit_selection
6028,RLFA-081 ,RLFA-081 ,5010,1,24,3200,950,0.7,0,25,770,144,45,0.4271,100,0.7,0.05,0.25,0,5,7,2,19.5,asia,unit_selection
6029,RLFA-101,RLFA-101,5020,1,42,7000,1750,0.7,0,25,965,144,45,0.6851,100,0.7,0.05,0.25,0,5,7,2,34.8,asia,unit_selection
6030,RLFA-102,RLFA-102,5030,1,66,8500,2750,0.7,0,25,965,144,45,0.6851,200,0.7,0.05,0.25,0,5,8,1,52.6,asia,unit_selection
6031,RLFA-122,RLFA-122,5040,1,112,15600,4700,0.7,0,25,1220,168,45,1.1102,200,0.7,0.05,0.25,0,5,8,1,90.4,asia,unit_selection
6032,RLFA-152,RLFA-152,5050,1,158,16800,6300,0.7,0,25,1525,170,45,1.7599,200,0.7,0.05,0.25,0,5,8,1,120.4,asia,unit_selection
6033,RLFA-172,RLFA-172,5060,1,200,20500,8000,0.7,0,25,1730,270,45,2.235,200,0.7,0.05,0.25,0,5,8,1,148.8,asia,unit_selection
6034,RLFA-192,RLFA-192,5070,1,250,22750,10000,0.7,0,25,1940,270,45,2.84,200,0.7,0.05,0.25,0,5,8,1,177.4,asia,unit_selection
6035,RLFA-222,RLFA-222,5080,1,325,34000,13000,0.7,0,25,2190,270,42,3.6465,200,0.7,0.05,0.25,0,5,8,1,245.7,asia,unit_selection
6036,RLFA-242,RLFA-242,5090,1,380,41000,15200,0.7,0,25,2450,360,42,4.353,200,0.7,0.05,0.25,0,5,8,1,291.9,asia,unit_selection
6037,RFA-081,RFA-081,5100,1,24,3200,950,0.3,0,46,770,144,45,0.4271,100,0.6,0.15,0.25,0,5,7,2,19.8,asia,unit_selection
6038,RFA-101,RFA-101,5110,1,42,7000,1750,0.3,0,49,965,144,45,0.6851,100,0.58,0.17,0.25,0,5,7,2,35.5,asia,unit_selection
6039,RFA-102,RFA-102,5120,1,66,8500,2750,0.3,0,37,965,144,45,0.6851,200,0.58,0.17,0.25,0,5,8,1,54.7,asia,unit_selection
6040,RFA-122,RFA-122,5130,1,112,15600,4700,0.3,0,39,1220,168,45,1.1102,200,0.58,0.18,0.24,0,5,8,1,93.1,asia,unit_selection
6041,RFA-152,RFA-152,5140,1,158,16800,6300,0.3,0,30,1525,170,45,1.7599,200,0.56,0.19,0.25,0,5,8,1,123,asia,unit_selection
6042,RFA-172,RFA-172,5150,1,200,20500,8000,0.3,0,30,1730,270,45,2.235,200,0.58,0.17,0.25,0,5,8,1,154,asia,unit_selection
6043,RFA-192,RFA-192,5160,1,250,22750,10000,0.3,0,30,1940,270,45,2.84,200,0.58,0.17,0.25,0,5,8,1,180.5,asia,unit_selection
6044,RFA-222,RFA-222,5170,1,325,34000,13000,0.3,0,30,2190,270,42,3.6465,200,0.6,0.15,0.25,0,5,8,1,254.2,asia,unit_selection
6045,RFA-242,RFA-242,5180,1,380,41000,15200,0.3,0,30,2450,360,42,4.353,200,0.6,0.15,0.25,0,5,8,1,306.3,asia,unit_selection
6046,RFA-244,RFA-244,5190,1,380,41000,15200,0.3,0,30,2450,360,42,4.353,400,0.6,0.15,0.25,0,5,9,1,317.6,asia,unit_selection
6047,RUA-060 R,RUA-060 R,5200,1,8,700,250,0,0,42,550,62,45,0.2176,50,0.58,0.18,0.24,0,5,6,2,4.5,asia,unit_selection
6048,RUA-061 R,RUA-061 R,5210,1,12,1300,440,0,0,42,550,62,45,0.2176,100,0.58,0.18,0.24,0,5,7,2,9.4,asia,unit_selection
6049,RUA-062 R,RUA-062 R,5220,1,20,2300,750,0,0,42,550,144,45,0.2145,200,0.63,0.13,0.24,0,5,8,1,16.6,asia,unit_selection
6050,RUA-081 R,RUA-081 R,5230,1,22,2200,950,0,0,46,770,144,45,0.4271,100,0.6,0.15,0.25,0,5,7,2,16.4,asia,unit_selection
6051,RUA-082 R,RUA-082 R,5240,1,42,4400,1800,0,0,46,770,144,45,0.4271,200,0.6,0.15,0.25,0,5,8,1,32.4,asia,unit_selection
6052,RUA-101 R,RUA-101 R,5250,1,42,4400,1600,0,0,37,965,144,45,0.6851,100,0.58,0.17,0.25,0,5,7,2,31.3,asia,unit_selection
6053,RUA-102 R,RUA-102 R,5260,1,64,6800,2500,0,0,37,965,144,45,0.6851,200,0.58,0.17,0.25,0,5,8,1,50.8,asia,unit_selection
6054,RUA-104 R,RUA-104 R,5270,1,64,9000,2500,0,0,20,965,144,45,0.6851,400,0.58,0.17,0.25,0,5,9,1,60.5,asia,unit_selection
6055,RUFA-122 R,RUFA-122 R,5280,1,100,11000,3900,0,0,39,1220,168,45,1.1102,200,0.58,0.18,0.24,0,5,8,1,80.8,asia,unit_selection
6056,RUFA-152 R,RUFA-152 R,5290,1,162,17000,6400,0,0,30,1525,170,45,1.7599,200,0.56,0.19,0.25,0,5,8,1,125.5,asia,unit_selection
6057,RUFA-172 R,RUFA-172 R,5300,1,214,23000,8400,0,0,30,1730,270,45,2.235,200,0.58,0.17,0.25,0,5,8,1,165.9,asia,unit_selection
6058,RUFA-192 R,RUFA-192 R,5310,1,262,28000,10300,0,0,30,1940,270,45,2.84,200,0.58,0.17,0.25,0,5,8,1,205.2,asia,unit_selection
6059,RUFA-222 R,RUFA-222 R,5320,1,334,38000,13200,0,0,30,2190,270,42,3.6465,200,0.6,0.15,0.25,0,5,8,1,271.9,asia,unit_selection
6060,RUFA-242 R,RUFA-242 R,5330,1,398,45000,15700,0,0,30,2450,360,42,4.353,200,0.6,0.15,0.25,0,5,8,1,324.5,asia,unit_selection
6061,RUFA-244 R,RUFA-244 R,5340,1,398,45000,15700,0,0,30,2450,360,42,4.353,400,0.6,0.15,0.25,0,5,9,1,339.2,asia,unit_selection
6062,DR-31 T10,DR-31 T10,5350,2,1.9,310,110,0,0.5,24,300,62,12,0.0639,100,0.51,0.12,0.25,0.12,5,14,2,1.6,asia,unit_selection
6063,CS-5,CS-5,5360,3,0.65,65,30,0,0,36,180,42,39,0.0183,50,0.6,0,0.4,0,5,10,2,0.3,asia,unit_selection
6064,CS-5L,CS-5L,5370,3,0.85,90,50,0,0,36,180,42,39,0.0183,50,0.6,0,0.4,0,5,10,2,0.4,asia,unit_selection
6065,DC-5,DC-5,5380,3,0.85,120,40,0,0,36,180,42,39,0.0183,50,0.6,0,0.4,0,5,10,2,0.5,asia,unit_selection
6066,DCA-10,DCA-10,5390,3,1.1,190,60,0,0,36,180,42,39,0.0183,50,0.63,0,0.37,0,5,10,2,0.5,asia,unit_selection
6067,DC-20,DC-20,5400,3,1.7,310,60,0,0,28,250,62,30,0.0386,50,0.66,0,0.34,0,5,10,2,1.1,asia,unit_selection
6068,DC-30 T10,DC-30 T10,5410,3,1.8,400,90,0,0,23,300,62,30,0.0593,50,0.66,0,0.34,0,5,10,2,1.2,asia,unit_selection
6069,DC-30 T16,DC-30 T16,5420,3,2.8,400,70,0,0,23,300,62,30,0.0593,50,0.66,0,0.34,0,5,10,2,1.8,asia,unit_selection
6070,DC-31 T10,DC-31 T10,5430,3,2.1,300,120,0,0,24,300,62,12,0.0639,100,0.75,0,0.25,0,5,11,2,1.6,asia,unit_selection
6071,DC-31 T16,DC-31 T16,5440,3,2.9,490,110,0,0,24,300,62,12,0.0639,100,0.75,0,0.25,0,5,11,2,2.3,asia,unit_selection
6072,DC-50 R,DC-50 R,5450,3,5,550,150,0,0,25,450,62,45,0.1449,50,0.58,0,0.42,0,10,10,2,3,asia,unit_selection
6073,CZ-82 ,CZ-82 ,5460,3,30,3200,850,0,0,12,770,144,45,0.4271,200,0.75,0,0.25,0,5,12,1,22.6,asia,unit_selection
6074,CZ-102 ,CZ-102 ,5470,3,50,5200,1400,0,0,12,965,144,45,0.6851,200,0.75,0,0.25,0,5,12,1,37.1,asia,unit_selection
6075,CZ-102L,CZ-102L,5480,3,74,7200,2000,0,0,12,965,144,45,0.6851,200,0.75,0,0.25,0,5,12,1,47.6,asia,unit_selection
6076,CZ-104,CZ-104,5490,3,95,8000,2500,0,0,12,965,144,45,0.6851,400,0.75,0,0.25,0,5,13,1,63.5,asia,unit_selection
6077,CZ-82 ICE,CZ-82 ICE,5500,3,30,6000,850,0,0,12,770,144,45,0.4271,200,0.75,0,0.25,0,5,22,1,26,asia,unit_selection
6078,CZ-102 ICE,CZ-102 ICE,5510,3,50,12000,1400,0,0,12,965,144,45,0.6851,200,0.75,0,0.25,0,5,22,1,44.6,asia,unit_selection
6079,CZ-102L ICE,CZ-102L ICE,5520,3,74,12000,2000,0,0,12,965,144,45,0.6851,200,0.75,0,0.25,0,5,22,1,55.6,asia,unit_selection
6080,CZ-104 ICE,CZ-104 ICE,5530,3,95,10000,2500,0,0,12,965,144,45,0.6851,400,0.75,0,0.25,0,5,23,1,70.1,asia,unit_selection
6081,CZ-82HW 6/4,CZ-82HW 6/4,5540,3,30,3200,1600,0,0,12,770,144,45,0.4271,200,0.6,0,0.4,0,10,12,1,19.3,asia,unit_selection
6082,CZ-102HW 6/4,CZ-102HW 6/4,5550,3,56,7200,3000,0,0,12,965,144,45,0.6851,200,0.6,0,0.4,0,10,12,1,36.7,asia,unit_selection
6083,CZ-82HWR 6/4,CZ-82HWR 6/4,5560,3,60,3200,1600,0,0,12,770,144,45,0.4271,200,0.6,0,0.4,0,5,12,1,25.4,asia,unit_selection
6084,CZ-102HWR 6/4,CZ-102HWR 6/4,5570,3,116,7200,3000,0,0,12,965,144,45,0.6851,200,0.6,0,0.4,0,5,12,1,50.2,asia,unit_selection
6085,CFA-061,CFA-061,5580,3,13.5,1200,400,0,0,12,550,62,45,0.2176,100,0.76,0,0.24,0,5,11,2,8.2,asia,unit_selection
6086,CFA-061L,CFA-061L,5590,3,18,1800,600,0,0,12,550,62,45,0.2176,100,0.76,0,0.24,0,5,11,2,9.6,asia,unit_selection
6087,CFA-081 ,CFA-081 ,5600,3,30,3000,900,0,0,12,770,144,45,0.4271,100,0.75,0,0.25,0,5,11,2,18,asia,unit_selection
6088,CFA-081L,CFA-081L,5610,3,45,4000,1300,0,0,12,770,144,45,0.4271,100,0.75,0,0.25,0,5,11,2,20.9,asia,unit_selection
6089,CFA-101,CFA-101,5620,3,48,4500,1500,0,0,12,965,144,45,0.6851,100,0.75,0,0.25,0,5,11,2,27.8,asia,unit_selection
6090,CFA-101L,CFA-101L,5630,3,75,7000,2200,0,0,12,965,144,45,0.6851,100,0.75,0,0.25,0,5,11,2,34.3,asia,unit_selection
6091,CFA-102,CFA-102,5640,3,84,7500,2500,0,0,12,965,144,45,0.6851,200,0.75,0,0.25,0,5,12,1,49.2,asia,unit_selection
6092,CFA-102L,CFA-102L,5650,3,110,10000,3300,0,0,12,965,144,45,0.6851,200,0.75,0,0.25,0,5,12,1,57.5,asia,unit_selection
6093,CFA-122,CFA-122,5660,3,135,11000,4000,0,0,12,1220,168,45,1.1102,200,0.76,0,0.24,0,5,12,1,75.3,asia,unit_selection
6094,CFA-122L,CFA-122L,5670,3,155,14000,4600,0,0,12,1220,168,45,1.1102,200,0.76,0,0.24,0,5,12,1,85.8,asia,unit_selection
6095,CFA-152,CFA-152,5680,3,168,15000,5000,0,0,12,1525,170,45,1.7599,200,0.75,0,0.25,0,5,12,1,107.8,asia,unit_selection
6096,CFA-152L,CFA-152L,5690,3,235,22000,7000,0,0,12,1525,170,45,1.7599,200,0.75,0,0.25,0,5,12,1,134.3,asia,unit_selection
6097,CFA-172,CFA-172,5700,3,260,23000,7700,0,0,12,1730,270,45,2.235,200,0.74,0,0.26,0,5,12,1,155,asia,unit_selection
6098,CFA-172L,CFA-172L,5710,3,335,30000,10000,0,0,12,1730,270,45,2.235,200,0.74,0,0.26,0,5,12,1,179.4,asia,unit_selection
6099,CFA-192,CFA-192,5720,3,365,31000,11000,0,0,12,1940,270,45,2.84,200,0.75,0,0.25,0,5,12,1,202.6,asia,unit_selection
6100,CFA-192L,CFA-192L,5730,3,400,36000,12000,0,0,12,1940,270,45,2.84,200,0.75,0,0.25,0,5,12,1,220.5,asia,unit_selection
6101,CFA-222,CFA-222,5740,3,155,35000,13000,0,0,12,2190,270,42,3.6465,200,0.75,0,0.25,0,5,12,1,109.5,asia,unit_selection
6102,CFA-242,CFA-242,5750,3,557,41000,15200,0,0,12,2450,360,42,4.353,200,0.75,0,0.25,0,5,12,1,295.9,asia,unit_selection
6103,CFA-061 6/4,CFA-061 6/4,5760,3,9,1000,350,0,0,12,550,62,45,0.2176,100,0.57,0,0.43,0,5,11,2,6.6,asia,unit_selection
6104,CFA-081 6/4,CFA-081 6/4,5770,3,16,2100,800,0,0,12,770,144,45,0.4271,100,0.6,0,0.4,0,10,11,2,11.7,asia,unit_selection
6105,CFA-101 6/4,CFA-101 6/4,5780,3,26,3300,1300,0,0,12,965,144,45,0.6851,100,0.58,0,0.42,0,10,11,2,19,asia,unit_selection
6106,CFA-102 6/4,CFA-102 6/4,5790,3,50,6500,4200,0,0,12,965,144,45,0.6851,200,0.58,0,0.42,0,10,12,1,28.6,asia,unit_selection
6107,CFA-122 6/4,CFA-122 6/4,5800,3,80,10600,4000,0,0,12,1220,168,45,1.1102,200,0.58,0,0.42,0,10,12,1,56.7,asia,unit_selection
6108,CFA-152 6/4,CFA-152 6/4,5810,3,126,16800,6300,0,0,12,1525,170,45,1.7599,200,0.56,0,0.44,0,10,12,1,89.6,asia,unit_selection
6109,CFA-172 6/4,CFA-172 6/4,5820,3,160,21500,8000,0,0,12,1730,270,45,2.235,200,0.59,0,0.41,0,10,12,1,113.2,asia,unit_selection
6110,CFA-192 6/4,CFA-192 6/4,5830,3,200,27000,10000,0,0,12,1940,270,45,2.84,200,0.58,0,0.42,0,10,12,1,142.5,asia,unit_selection
6111,CFA-222 6/4,CFA-222 6/4,5840,3,260,35000,13000,0,0,12,2190,270,42,3.6465,200,0.6,0,0.4,0,10,12,1,184.9,asia,unit_selection
6112,CFA-242 6/4,CFA-242 6/4,5850,3,304,41000,15200,0,0,12,2450,360,42,4.353,200,0.6,0,0.4,0,10,12,1,217.2,asia,unit_selection
6113,RUA-060 ,RUA-060 ,5860,3,10,800,250,0,0,42,550,62,45,0.2176,50,0.76,0,0.24,0,5,10,2,4.9,asia,unit_selection
6114,RUA-061,RUA-061,5870,3,18,1400,440,0,0,42,550,62,45,0.2176,100,0.76,0,0.24,0,5,11,2,9.6,asia,unit_selection
6115,RUA-062,RUA-062,5880,3,32,2400,750,0,0,42,550,144,45,0.2176,200,0.76,0,0.24,0,5,12,1,16.8,asia,unit_selection
6116,RUA-082,RUA-082,5890,3,66,4700,1600,0,0,46,770,144,45,0.4271,200,0.75,0,0.25,0,5,12,1,33.4,asia,unit_selection
6117,RUA-101,RUA-101,5900,3,66,4700,1600,0,0,37,965,144,45,0.6851,100,0.75,0,0.25,0,5,11,2,33.7,asia,unit_selection
6118,RUA-102,RUA-102,5910,3,102,7400,2500,0,0,37,965,144,45,0.6851,200,0.75,0,0.25,0,5,12,1,53.8,asia,unit_selection
6119,RUA-104,RUA-104,5920,3,102,7400,2500,0,0,12,965,144,45,0.6851,400,0.75,0,0.25,0,5,13,1,61.9,asia,unit_selection
6120,RUFA-122,RUFA-122,5930,3,158,13000,3900,0,0,39,1220,168,45,1.1102,200,0.76,0,0.24,0,5,12,1,88.9,asia,unit_selection
6121,RUFA-152,RUFA-152,5940,3,260,20000,6400,0,0,30,1525,170,45,1.7599,200,0.75,0,0.25,0,5,12,1,143.2,asia,unit_selection
6122,RUFA-172,RUFA-172,5950,3,340,24000,8400,0,0,30,1730,270,45,2.235,200,0.74,0,0.26,0,5,12,1,177.6,asia,unit_selection
6123,RUFA-192,RUFA-192,5960,3,418,31000,10300,0,0,30,1940,270,45,2.84,200,0.75,0,0.25,0,5,12,1,225,asia,unit_selection
6124,RUFA-222,RUFA-222,5970,3,534,40000,13200,0,0,30,2190,270,42,3.6465,200,0.75,0,0.25,0,5,12,1,292.4,asia,unit_selection
6125,RUFA-242,RUFA-242,5980,3,636,48000,15700,0,0,30,2450,360,42,4.353,200,0.75,0,0.25,0,5,12,1,349.2,asia,unit_selection
6126,RUFA-244,RUFA-244,5990,3,636,48000,15700,0,0,30,2450,360,42,4.353,400,0.75,0,0.25,0,5,13,1,357.5,asia,unit_selection
6127,RUA-060 6/4,RUA-060 6/4,6000,3,9,600,450,0,0,42,550,62,45,0.2212,50,0.57,0,0.43,0,10,10,2,3.4,asia,unit_selection
6128,RUA-061 6/4,RUA-061 6/4,6010,3,16,1100,790,0,0,42,550,62,45,0.2212,100,0.57,0,0.43,0,10,11,2,6.8,asia,unit_selection
6129,RUA-062 6/4,RUA-062 6/4,6020,3,26,2000,1200,0,0,42,550,144,45,0.2176,200,0.62,0,0.38,0,10,12,1,12.3,asia,unit_selection
6130,RUA-082 6/4,RUA-082 6/4,6030,3,54,3700,2600,0,0,46,770,144,45,0.4318,200,0.59,0,0.41,0,10,12,1,22.7,asia,unit_selection
6131,RUA-101 6/4,RUA-101 6/4,6040,3,54,3700,2600,0,0,37,965,144,45,0.693,100,0.57,0,0.43,0,10,11,2,23.4,asia,unit_selection
6132,RUA-102 6/4,RUA-102 6/4,6050,3,88,5700,4300,0,0,37,965,144,45,0.693,200,0.57,0,0.43,0,10,12,1,36.4,asia,unit_selection
6133,RUA-104 6/4,RUA-104 6/4,6060,3,95,8000,4300,0,0,12,965,144,45,0.693,400,0.57,0,0.43,0,10,13,1,53.4,asia,unit_selection
6134,RUFA-122 6/4,RUFA-122 6/4,6070,3,142,10000,7000,0,0,39,1220,168,45,1.1182,200,0.57,0,0.43,0,10,12,1,62,asia,unit_selection
6135,RUFA-152 6/4,RUFA-152 6/4,6080,3,230,15000,11300,0,0,30,1525,170,45,1.7702,200,0.56,0,0.44,0,10,12,1,96.7,asia,unit_selection
6136,RUFA-172 6/4,RUFA-172 6/4,6090,3,276,19000,13600,0,0,30,1730,270,45,2.246,200,0.58,0,0.42,0,10,12,1,123.3,asia,unit_selection
6137,RUFA-192 6/4,RUFA-192 6/4,6100,3,350,24000,17300,0,0,30,1940,270,45,2.852,200,0.58,0,0.42,0,10,12,1,153.8,asia,unit_selection
6138,RUFA-222 6/4,RUFA-222 6/4,6110,3,428,32000,21100,0,0,30,2190,270,42,3.6465,200,0.6,0,0.4,0,10,12,1,203.7,asia,unit_selection
6139,RUFA-242 6/4,RUFA-242 6/4,6120,3,508,38000,25100,0,0,30,2450,360,42,4.353,200,0.6,0,0.4,0,10,12,1,239.2,asia,unit_selection
6140,RUFA-244 6/4,RUFA-244 6/4,6130,3,508,38000,25100,0,0,30,2450,360,42,4.353,400,0.6,0,0.4,0,10,13,1,248.5,asia,unit_selection
